
> dev
> next dev apps/web --turbo

   ▲ Next.js 15.5.23 (Turbopack)
   - Local:        http://localhost:3000
   - Network:      http://192.168.0.193:3000
   - Environments: .env
   - Experiments (use with caution):
     · cpus: 1

 ✓ Starting...
 ✓ Ready in 1376ms
 ○ Compiling /login ...
 ✓ Compiled /login in 1693ms
 GET /login 200 in 1950ms
 ✓ Compiled /api/auth/[...all] in 486ms
2026-08-12T16:26:38.537Z WARN [Better Auth]: User not found
 POST /api/auth/sign-in/email 401 in 1550ms
 POST /api/auth/sign-in/email 400 in 298ms
2026-08-12T16:26:54.759Z WARN [Better Auth]: User not found
 POST /api/auth/sign-in/email 401 in 420ms
 ○ Compiling /onboarding ...
 ✓ Compiled /onboarding in 634ms
 GET /onboarding 200 in 855ms
 ✓ Compiled /api/v1/onboarding/draft in 338ms
 GET /api/v1/onboarding/draft 200 in 666ms
 ✓ Compiled in 17ms
 GET /onboarding 200 in 102ms
 GET /api/v1/onboarding/draft 200 in 284ms
 ✓ Compiled in 14ms
 ⨯ ./apps/web/src/features/onboarding/ui/OnboardingFlow.tsx:16:1
Module not found: Can't resolve './screens/EquipmentScreen'
[0m [90m 14 |[39m [36mimport[39m { [33mModeScreen[39m[33m,[39m [33mGoalsScreen[39m[33m,[39m [33mExperienceScreen[39m } [36mfrom[39m [32m"./screens/BasicSelectionScreens"[39m[33m;[39m
 [90m 15 |[39m [36mimport[39m { [33mDurationScreen[39m[33m,[39m [33mEnvironmentScreen[39m } [36mfrom[39m [32m"./screens/DurationEnvironmentScreen"[39m[33m;[39m
[31m[1m>[22m[39m[90m 16 |[39m [36mimport[39m { [33mEquipmentScreen[39m } [36mfrom[39m [32m"./screens/EquipmentScreen"[39m[33m;[39m
 [90m    |[39m [31m[1m^[22m[39m[31m[1m^[22m[39m[31m[1m^[22m[39m[31m[1m^[22m[39m[31m[1m^[22m[39m[31m[1m^[22m[39m[31m[1m^[22m[39m[31m[1m^[22m[39m[31m[1m^[22m[39m[31m[1m^[22m[39m[31m[1m^[22m[39m[31m[1m^[22m[39m[31m[1m^[22m[39m[31m[1m^[22m[39m[31m[1m^[22m[39m[31m[1m^[22m[39m[31m[1m^[22m[39m[31m[1m^[22m[39m[31m[1m^[22m[39m[31m[1m^[22m[39m[31m[1m^[22m[39m[31m[1m^[22m[39m[31m[1m^[22m[39m[31m[1m^[22m[39m[31m[1m^[22m[39m[31m[1m^[22m[39m[31m[1m^[22m[39m[31m[1m^[22m[39m[31m[1m^[22m[39m[31m[1m^[22m[39m[31m[1m^[22m[39m[31m[1m^[22m[39m[31m[1m^[22m[39m[31m[1m^[22m[39m[31m[1m^[22m[39m[31m[1m^[22m[39m[31m[1m^[22m[39m[31m[1m^[22m[39m[31m[1m^[22m[39m[31m[1m^[22m[39m[31m[1m^[22m[39m[31m[1m^[22m[39m[31m[1m^[22m[39m[31m[1m^[22m[39m[31m[1m^[22m[39m[31m[1m^[22m[39m[31m[1m^[22m[39m[31m[1m^[22m[39m[31m[1m^[22m[39m[31m[1m^[22m[39m[31m[1m^[22m[39m[31m[1m^[22m[39m[31m[1m^[22m[39m[31m[1m^[22m[39m[31m[1m^[22m[39m[31m[1m^[22m[39m[31m[1m^[22m[39m[31m[1m^[22m[39m[31m[1m^[22m[39m[31m[1m^[22m[39m
 [90m 17 |[39m [36mimport[39m { [33mDiscomfortScreen[39m[33m,[39m [33mFocusScreen[39m } [36mfrom[39m [32m"./screens/FocusDiscomfortScreen"[39m[33m;[39m
 [90m 18 |[39m [36mimport[39m { [33mBirthDateScreen[39m[33m,[39m [33mHeightScreen[39m[33m,[39m [33mWeightScreen[39m } [36mfrom[39m [32m"./screens/PhysicalScreens"[39m[33m;[39m
 [90m 19 |[39m [36mimport[39m { [33mProposalScreen[39m } [36mfrom[39m [32m"./screens/ProposalScreen"[39m[33m;[39m[0m



Import traces:
  Client Component Browser:
    ./apps/web/src/features/onboarding/ui/OnboardingFlow.tsx [Client Component Browser]
    ./apps/web/src/features/onboarding/ui/OnboardingRoute.tsx [Client Component Browser]
    ./apps/web/src/features/onboarding/ui/OnboardingRoute.tsx [Server Component]
    ./apps/web/app/onboarding/page.tsx [Server Component]

  Client Component SSR:
    ./apps/web/src/features/onboarding/ui/OnboardingFlow.tsx [Client Component SSR]
    ./apps/web/src/features/onboarding/ui/OnboardingRoute.tsx [Client Component SSR]
    ./apps/web/src/features/onboarding/ui/OnboardingRoute.tsx [Server Component]
    ./apps/web/app/onboarding/page.tsx [Server Component]

https://nextjs.org/docs/messages/module-not-found


 ⨯ ./apps/web/src/features/onboarding/ui/OnboardingFlow.tsx:16:1
Module not found: Can't resolve './screens/EquipmentScreen'
[0m [90m 14 |[39m [36mimport[39m { [33mModeScreen[39m[33m,[39m [33mGoalsScreen[39m[33m,[39m [33mExperienceScreen[39m } [36mfrom[39m [32m"./screens/BasicSelectionScreens"[39m[33m;[39m
 [90m 15 |[39m [36mimport[39m { [33mDurationScreen[39m[33m,[39m [33mEnvironmentScreen[39m } [36mfrom[39m [32m"./screens/DurationEnvironmentScreen"[39m[33m;[39m
[31m[1m>[22m[39m[90m 16 |[39m [36mimport[39m { [33mEquipmentScreen[39m } [36mfrom[39m [32m"./screens/EquipmentScreen"[39m[33m;[39m
 [90m    |[39m [31m[1m^[22m[39m[31m[1m^[22m[39m[31m[1m^[22m[39m[31m[1m^[22m[39m[31m[1m^[22m[39m[31m[1m^[22m[39m[31m[1m^[22m[39m[31m[1m^[22m[39m[31m[1m^[22m[39m[31m[1m^[22m[39m[31m[1m^[22m[39m[31m[1m^[22m[39m[31m[1m^[22m[39m[31m[1m^[22m[39m[31m[1m^[22m[39m[31m[1m^[22m[39m[31m[1m^[22m[39m[31m[1m^[22m[39m[31m[1m^[22m[39m[31m[1m^[22m[39m[31m[1m^[22m[39m[31m[1m^[22m[39m[31m[1m^[22m[39m[31m[1m^[22m[39m[31m[1m^[22m[39m[31m[1m^[22m[39m[31m[1m^[22m[39m[31m[1m^[22m[39m[31m[1m^[22m[39m[31m[1m^[22m[39m[31m[1m^[22m[39m[31m[1m^[22m[39m[31m[1m^[22m[39m[31m[1m^[22m[39m[31m[1m^[22m[39m[31m[1m^[22m[39m[31m[1m^[22m[39m[31m[1m^[22m[39m[31m[1m^[22m[39m[31m[1m^[22m[39m[31m[1m^[22m[39m[31m[1m^[22m[39m[31m[1m^[22m[39m[31m[1m^[22m[39m[31m[1m^[22m[39m[31m[1m^[22m[39m[31m[1m^[22m[39m[31m[1m^[22m[39m[31m[1m^[22m[39m[31m[1m^[22m[39m[31m[1m^[22m[39m[31m[1m^[22m[39m[31m[1m^[22m[39m[31m[1m^[22m[39m[31m[1m^[22m[39m[31m[1m^[22m[39m[31m[1m^[22m[39m[31m[1m^[22m[39m[31m[1m^[22m[39m[31m[1m^[22m[39m
 [90m 17 |[39m [36mimport[39m { [33mDiscomfortScreen[39m[33m,[39m [33mFocusScreen[39m } [36mfrom[39m [32m"./screens/FocusDiscomfortScreen"[39m[33m;[39m
 [90m 18 |[39m [36mimport[39m { [33mBirthDateScreen[39m[33m,[39m [33mHeightScreen[39m[33m,[39m [33mWeightScreen[39m } [36mfrom[39m [32m"./screens/PhysicalScreens"[39m[33m;[39m
 [90m 19 |[39m [36mimport[39m { [33mProposalScreen[39m } [36mfrom[39m [32m"./screens/ProposalScreen"[39m[33m;[39m[0m



Import traces:
  Client Component Browser:
    ./apps/web/src/features/onboarding/ui/OnboardingFlow.tsx [Client Component Browser]
    ./apps/web/src/features/onboarding/ui/OnboardingRoute.tsx [Client Component Browser]
    ./apps/web/src/features/onboarding/ui/OnboardingRoute.tsx [Server Component]
    ./apps/web/app/onboarding/page.tsx [Server Component]

  Client Component SSR:
    ./apps/web/src/features/onboarding/ui/OnboardingFlow.tsx [Client Component SSR]
    ./apps/web/src/features/onboarding/ui/OnboardingRoute.tsx [Client Component SSR]
    ./apps/web/src/features/onboarding/ui/OnboardingRoute.tsx [Server Component]
    ./apps/web/app/onboarding/page.tsx [Server Component]

https://nextjs.org/docs/messages/module-not-found


 ⨯ ./apps/web/src/features/onboarding/ui/OnboardingFlow.tsx:16:1
Module not found: Can't resolve './screens/EquipmentScreen'
[0m [90m 14 |[39m [36mimport[39m { [33mModeScreen[39m[33m,[39m [33mGoalsScreen[39m[33m,[39m [33mExperienceScreen[39m } [36mfrom[39m [32m"./screens/BasicSelectionScreens"[39m[33m;[39m
 [90m 15 |[39m [36mimport[39m { [33mDurationScreen[39m[33m,[39m [33mEnvironmentScreen[39m } [36mfrom[39m [32m"./screens/DurationEnvironmentScreen"[39m[33m;[39m
[31m[1m>[22m[39m[90m 16 |[39m [36mimport[39m { [33mEquipmentScreen[39m } [36mfrom[39m [32m"./screens/EquipmentScreen"[39m[33m;[39m
 [90m    |[39m [31m[1m^[22m[39m[31m[1m^[22m[39m[31m[1m^[22m[39m[31m[1m^[22m[39m[31m[1m^[22m[39m[31m[1m^[22m[39m[31m[1m^[22m[39m[31m[1m^[22m[39m[31m[1m^[22m[39m[31m[1m^[22m[39m[31m[1m^[22m[39m[31m[1m^[22m[39m[31m[1m^[22m[39m[31m[1m^[22m[39m[31m[1m^[22m[39m[31m[1m^[22m[39m[31m[1m^[22m[39m[31m[1m^[22m[39m[31m[1m^[22m[39m[31m[1m^[22m[39m[31m[1m^[22m[39m[31m[1m^[22m[39m[31m[1m^[22m[39m[31m[1m^[22m[39m[31m[1m^[22m[39m[31m[1m^[22m[39m[31m[1m^[22m[39m[31m[1m^[22m[39m[31m[1m^[22m[39m[31m[1m^[22m[39m[31m[1m^[22m[39m[31m[1m^[22m[39m[31m[1m^[22m[39m[31m[1m^[22m[39m[31m[1m^[22m[39m[31m[1m^[22m[39m[31m[1m^[22m[39m[31m[1m^[22m[39m[31m[1m^[22m[39m[31m[1m^[22m[39m[31m[1m^[22m[39m[31m[1m^[22m[39m[31m[1m^[22m[39m[31m[1m^[22m[39m[31m[1m^[22m[39m[31m[1m^[22m[39m[31m[1m^[22m[39m[31m[1m^[22m[39m[31m[1m^[22m[39m[31m[1m^[22m[39m[31m[1m^[22m[39m[31m[1m^[22m[39m[31m[1m^[22m[39m[31m[1m^[22m[39m[31m[1m^[22m[39m[31m[1m^[22m[39m[31m[1m^[22m[39m[31m[1m^[22m[39m[31m[1m^[22m[39m[31m[1m^[22m[39m
 [90m 17 |[39m [36mimport[39m { [33mDiscomfortScreen[39m[33m,[39m [33mFocusScreen[39m } [36mfrom[39m [32m"./screens/FocusDiscomfortScreen"[39m[33m;[39m
 [90m 18 |[39m [36mimport[39m { [33mBirthDateScreen[39m[33m,[39m [33mHeightScreen[39m[33m,[39m [33mWeightScreen[39m } [36mfrom[39m [32m"./screens/PhysicalScreens"[39m[33m;[39m
 [90m 19 |[39m [36mimport[39m { [33mProposalScreen[39m } [36mfrom[39m [32m"./screens/ProposalScreen"[39m[33m;[39m[0m



Import traces:
  Client Component Browser:
    ./apps/web/src/features/onboarding/ui/OnboardingFlow.tsx [Client Component Browser]
    ./apps/web/src/features/onboarding/ui/OnboardingRoute.tsx [Client Component Browser]
    ./apps/web/src/features/onboarding/ui/OnboardingRoute.tsx [Server Component]
    ./apps/web/app/onboarding/page.tsx [Server Component]

  Client Component SSR:
    ./apps/web/src/features/onboarding/ui/OnboardingFlow.tsx [Client Component SSR]
    ./apps/web/src/features/onboarding/ui/OnboardingRoute.tsx [Client Component SSR]
    ./apps/web/src/features/onboarding/ui/OnboardingRoute.tsx [Server Component]
    ./apps/web/app/onboarding/page.tsx [Server Component]

https://nextjs.org/docs/messages/module-not-found


 ⨯ ./apps/web/src/features/onboarding/ui/OnboardingFlow.tsx:16:1
Module not found: Can't resolve './screens/EquipmentScreen'
[0m [90m 14 |[39m [36mimport[39m { [33mModeScreen[39m[33m,[39m [33mGoalsScreen[39m[33m,[39m [33mExperienceScreen[39m } [36mfrom[39m [32m"./screens/BasicSelectionScreens"[39m[33m;[39m
 [90m 15 |[39m [36mimport[39m { [33mDurationScreen[39m[33m,[39m [33mEnvironmentScreen[39m } [36mfrom[39m [32m"./screens/DurationEnvironmentScreen"[39m[33m;[39m
[31m[1m>[22m[39m[90m 16 |[39m [36mimport[39m { [33mEquipmentScreen[39m } [36mfrom[39m [32m"./screens/EquipmentScreen"[39m[33m;[39m
 [90m    |[39m [31m[1m^[22m[39m[31m[1m^[22m[39m[31m[1m^[22m[39m[31m[1m^[22m[39m[31m[1m^[22m[39m[31m[1m^[22m[39m[31m[1m^[22m[39m[31m[1m^[22m[39m[31m[1m^[22m[39m[31m[1m^[22m[39m[31m[1m^[22m[39m[31m[1m^[22m[39m[31m[1m^[22m[39m[31m[1m^[22m[39m[31m[1m^[22m[39m[31m[1m^[22m[39m[31m[1m^[22m[39m[31m[1m^[22m[39m[31m[1m^[22m[39m[31m[1m^[22m[39m[31m[1m^[22m[39m[31m[1m^[22m[39m[31m[1m^[22m[39m[31m[1m^[22m[39m[31m[1m^[22m[39m[31m[1m^[22m[39m[31m[1m^[22m[39m[31m[1m^[22m[39m[31m[1m^[22m[39m[31m[1m^[22m[39m[31m[1m^[22m[39m[31m[1m^[22m[39m[31m[1m^[22m[39m[31m[1m^[22m[39m[31m[1m^[22m[39m[31m[1m^[22m[39m[31m[1m^[22m[39m[31m[1m^[22m[39m[31m[1m^[22m[39m[31m[1m^[22m[39m[31m[1m^[22m[39m[31m[1m^[22m[39m[31m[1m^[22m[39m[31m[1m^[22m[39m[31m[1m^[22m[39m[31m[1m^[22m[39m[31m[1m^[22m[39m[31m[1m^[22m[39m[31m[1m^[22m[39m[31m[1m^[22m[39m[31m[1m^[22m[39m[31m[1m^[22m[39m[31m[1m^[22m[39m[31m[1m^[22m[39m[31m[1m^[22m[39m[31m[1m^[22m[39m[31m[1m^[22m[39m[31m[1m^[22m[39m[31m[1m^[22m[39m[31m[1m^[22m[39m
 [90m 17 |[39m [36mimport[39m { [33mDiscomfortScreen[39m[33m,[39m [33mFocusScreen[39m } [36mfrom[39m [32m"./screens/FocusDiscomfortScreen"[39m[33m;[39m
 [90m 18 |[39m [36mimport[39m { [33mBirthDateScreen[39m[33m,[39m [33mHeightScreen[39m[33m,[39m [33mWeightScreen[39m } [36mfrom[39m [32m"./screens/PhysicalScreens"[39m[33m;[39m
 [90m 19 |[39m [36mimport[39m { [33mProposalScreen[39m } [36mfrom[39m [32m"./screens/ProposalScreen"[39m[33m;[39m[0m



Import traces:
  Client Component Browser:
    ./apps/web/src/features/onboarding/ui/OnboardingFlow.tsx [Client Component Browser]
    ./apps/web/src/features/onboarding/ui/OnboardingRoute.tsx [Client Component Browser]
    ./apps/web/src/features/onboarding/ui/OnboardingRoute.tsx [Server Component]
    ./apps/web/app/onboarding/page.tsx [Server Component]

  Client Component SSR:
    ./apps/web/src/features/onboarding/ui/OnboardingFlow.tsx [Client Component SSR]
    ./apps/web/src/features/onboarding/ui/OnboardingRoute.tsx [Client Component SSR]
    ./apps/web/src/features/onboarding/ui/OnboardingRoute.tsx [Server Component]
    ./apps/web/app/onboarding/page.tsx [Server Component]

https://nextjs.org/docs/messages/module-not-found


 ⨯ ./apps/web/src/features/onboarding/ui/OnboardingFlow.tsx:16:1
Module not found: Can't resolve './screens/EquipmentScreen'
[0m [90m 14 |[39m [36mimport[39m { [33mModeScreen[39m[33m,[39m [33mGoalsScreen[39m[33m,[39m [33mExperienceScreen[39m } [36mfrom[39m [32m"./screens/BasicSelectionScreens"[39m[33m;[39m
 [90m 15 |[39m [36mimport[39m { [33mDurationScreen[39m[33m,[39m [33mEnvironmentScreen[39m } [36mfrom[39m [32m"./screens/DurationEnvironmentScreen"[39m[33m;[39m
[31m[1m>[22m[39m[90m 16 |[39m [36mimport[39m { [33mEquipmentScreen[39m } [36mfrom[39m [32m"./screens/EquipmentScreen"[39m[33m;[39m
 [90m    |[39m [31m[1m^[22m[39m[31m[1m^[22m[39m[31m[1m^[22m[39m[31m[1m^[22m[39m[31m[1m^[22m[39m[31m[1m^[22m[39m[31m[1m^[22m[39m[31m[1m^[22m[39m[31m[1m^[22m[39m[31m[1m^[22m[39m[31m[1m^[22m[39m[31m[1m^[22m[39m[31m[1m^[22m[39m[31m[1m^[22m[39m[31m[1m^[22m[39m[31m[1m^[22m[39m[31m[1m^[22m[39m[31m[1m^[22m[39m[31m[1m^[22m[39m[31m[1m^[22m[39m[31m[1m^[22m[39m[31m[1m^[22m[39m[31m[1m^[22m[39m[31m[1m^[22m[39m[31m[1m^[22m[39m[31m[1m^[22m[39m[31m[1m^[22m[39m[31m[1m^[22m[39m[31m[1m^[22m[39m[31m[1m^[22m[39m[31m[1m^[22m[39m[31m[1m^[22m[39m[31m[1m^[22m[39m[31m[1m^[22m[39m[31m[1m^[22m[39m[31m[1m^[22m[39m[31m[1m^[22m[39m[31m[1m^[22m[39m[31m[1m^[22m[39m[31m[1m^[22m[39m[31m[1m^[22m[39m[31m[1m^[22m[39m[31m[1m^[22m[39m[31m[1m^[22m[39m[31m[1m^[22m[39m[31m[1m^[22m[39m[31m[1m^[22m[39m[31m[1m^[22m[39m[31m[1m^[22m[39m[31m[1m^[22m[39m[31m[1m^[22m[39m[31m[1m^[22m[39m[31m[1m^[22m[39m[31m[1m^[22m[39m[31m[1m^[22m[39m[31m[1m^[22m[39m[31m[1m^[22m[39m[31m[1m^[22m[39m[31m[1m^[22m[39m[31m[1m^[22m[39m
 [90m 17 |[39m [36mimport[39m { [33mDiscomfortScreen[39m[33m,[39m [33mFocusScreen[39m } [36mfrom[39m [32m"./screens/FocusDiscomfortScreen"[39m[33m;[39m
 [90m 18 |[39m [36mimport[39m { [33mBirthDateScreen[39m[33m,[39m [33mHeightScreen[39m[33m,[39m [33mWeightScreen[39m } [36mfrom[39m [32m"./screens/PhysicalScreens"[39m[33m;[39m
 [90m 19 |[39m [36mimport[39m { [33mProposalScreen[39m } [36mfrom[39m [32m"./screens/ProposalScreen"[39m[33m;[39m[0m



Import traces:
  Client Component Browser:
    ./apps/web/src/features/onboarding/ui/OnboardingFlow.tsx [Client Component Browser]
    ./apps/web/src/features/onboarding/ui/OnboardingRoute.tsx [Client Component Browser]
    ./apps/web/src/features/onboarding/ui/OnboardingRoute.tsx [Server Component]
    ./apps/web/app/onboarding/page.tsx [Server Component]

  Client Component SSR:
    ./apps/web/src/features/onboarding/ui/OnboardingFlow.tsx [Client Component SSR]
    ./apps/web/src/features/onboarding/ui/OnboardingRoute.tsx [Client Component SSR]
    ./apps/web/src/features/onboarding/ui/OnboardingRoute.tsx [Server Component]
    ./apps/web/app/onboarding/page.tsx [Server Component]

https://nextjs.org/docs/messages/module-not-found


 ⨯ ./apps/web/src/features/onboarding/ui/OnboardingFlow.tsx:16:1
Module not found: Can't resolve './screens/EquipmentScreen'
[0m [90m 14 |[39m [36mimport[39m { [33mModeScreen[39m[33m,[39m [33mGoalsScreen[39m[33m,[39m [33mExperienceScreen[39m } [36mfrom[39m [32m"./screens/BasicSelectionScreens"[39m[33m;[39m
 [90m 15 |[39m [36mimport[39m { [33mDurationScreen[39m[33m,[39m [33mEnvironmentScreen[39m } [36mfrom[39m [32m"./screens/DurationEnvironmentScreen"[39m[33m;[39m
[31m[1m>[22m[39m[90m 16 |[39m [36mimport[39m { [33mEquipmentScreen[39m } [36mfrom[39m [32m"./screens/EquipmentScreen"[39m[33m;[39m
 [90m    |[39m [31m[1m^[22m[39m[31m[1m^[22m[39m[31m[1m^[22m[39m[31m[1m^[22m[39m[31m[1m^[22m[39m[31m[1m^[22m[39m[31m[1m^[22m[39m[31m[1m^[22m[39m[31m[1m^[22m[39m[31m[1m^[22m[39m[31m[1m^[22m[39m[31m[1m^[22m[39m[31m[1m^[22m[39m[31m[1m^[22m[39m[31m[1m^[22m[39m[31m[1m^[22m[39m[31m[1m^[22m[39m[31m[1m^[22m[39m[31m[1m^[22m[39m[31m[1m^[22m[39m[31m[1m^[22m[39m[31m[1m^[22m[39m[31m[1m^[22m[39m[31m[1m^[22m[39m[31m[1m^[22m[39m[31m[1m^[22m[39m[31m[1m^[22m[39m[31m[1m^[22m[39m[31m[1m^[22m[39m[31m[1m^[22m[39m[31m[1m^[22m[39m[31m[1m^[22m[39m[31m[1m^[22m[39m[31m[1m^[22m[39m[31m[1m^[22m[39m[31m[1m^[22m[39m[31m[1m^[22m[39m[31m[1m^[22m[39m[31m[1m^[22m[39m[31m[1m^[22m[39m[31m[1m^[22m[39m[31m[1m^[22m[39m[31m[1m^[22m[39m[31m[1m^[22m[39m[31m[1m^[22m[39m[31m[1m^[22m[39m[31m[1m^[22m[39m[31m[1m^[22m[39m[31m[1m^[22m[39m[31m[1m^[22m[39m[31m[1m^[22m[39m[31m[1m^[22m[39m[31m[1m^[22m[39m[31m[1m^[22m[39m[31m[1m^[22m[39m[31m[1m^[22m[39m[31m[1m^[22m[39m[31m[1m^[22m[39m[31m[1m^[22m[39m[31m[1m^[22m[39m
 [90m 17 |[39m [36mimport[39m { [33mDiscomfortScreen[39m[33m,[39m [33mFocusScreen[39m } [36mfrom[39m [32m"./screens/FocusDiscomfortScreen"[39m[33m;[39m
 [90m 18 |[39m [36mimport[39m { [33mBirthDateScreen[39m[33m,[39m [33mHeightScreen[39m[33m,[39m [33mWeightScreen[39m } [36mfrom[39m [32m"./screens/PhysicalScreens"[39m[33m;[39m
 [90m 19 |[39m [36mimport[39m { [33mProposalScreen[39m } [36mfrom[39m [32m"./screens/ProposalScreen"[39m[33m;[39m[0m



Import traces:
  Client Component Browser:
    ./apps/web/src/features/onboarding/ui/OnboardingFlow.tsx [Client Component Browser]
    ./apps/web/src/features/onboarding/ui/OnboardingRoute.tsx [Client Component Browser]
    ./apps/web/src/features/onboarding/ui/OnboardingRoute.tsx [Server Component]
    ./apps/web/app/onboarding/page.tsx [Server Component]

  Client Component SSR:
    ./apps/web/src/features/onboarding/ui/OnboardingFlow.tsx [Client Component SSR]
    ./apps/web/src/features/onboarding/ui/OnboardingRoute.tsx [Client Component SSR]
    ./apps/web/src/features/onboarding/ui/OnboardingRoute.tsx [Server Component]
    ./apps/web/app/onboarding/page.tsx [Server Component]

https://nextjs.org/docs/messages/module-not-found


 ⨯ ./apps/web/src/features/onboarding/ui/OnboardingFlow.tsx:16:1
Module not found: Can't resolve './screens/EquipmentScreen'
[0m [90m 14 |[39m [36mimport[39m { [33mModeScreen[39m[33m,[39m [33mGoalsScreen[39m[33m,[39m [33mExperienceScreen[39m } [36mfrom[39m [32m"./screens/BasicSelectionScreens"[39m[33m;[39m
 [90m 15 |[39m [36mimport[39m { [33mDurationScreen[39m[33m,[39m [33mEnvironmentScreen[39m } [36mfrom[39m [32m"./screens/DurationEnvironmentScreen"[39m[33m;[39m
[31m[1m>[22m[39m[90m 16 |[39m [36mimport[39m { [33mEquipmentScreen[39m } [36mfrom[39m [32m"./screens/EquipmentScreen"[39m[33m;[39m
 [90m    |[39m [31m[1m^[22m[39m[31m[1m^[22m[39m[31m[1m^[22m[39m[31m[1m^[22m[39m[31m[1m^[22m[39m[31m[1m^[22m[39m[31m[1m^[22m[39m[31m[1m^[22m[39m[31m[1m^[22m[39m[31m[1m^[22m[39m[31m[1m^[22m[39m[31m[1m^[22m[39m[31m[1m^[22m[39m[31m[1m^[22m[39m[31m[1m^[22m[39m[31m[1m^[22m[39m[31m[1m^[22m[39m[31m[1m^[22m[39m[31m[1m^[22m[39m[31m[1m^[22m[39m[31m[1m^[22m[39m[31m[1m^[22m[39m[31m[1m^[22m[39m[31m[1m^[22m[39m[31m[1m^[22m[39m[31m[1m^[22m[39m[31m[1m^[22m[39m[31m[1m^[22m[39m[31m[1m^[22m[39m[31m[1m^[22m[39m[31m[1m^[22m[39m[31m[1m^[22m[39m[31m[1m^[22m[39m[31m[1m^[22m[39m[31m[1m^[22m[39m[31m[1m^[22m[39m[31m[1m^[22m[39m[31m[1m^[22m[39m[31m[1m^[22m[39m[31m[1m^[22m[39m[31m[1m^[22m[39m[31m[1m^[22m[39m[31m[1m^[22m[39m[31m[1m^[22m[39m[31m[1m^[22m[39m[31m[1m^[22m[39m[31m[1m^[22m[39m[31m[1m^[22m[39m[31m[1m^[22m[39m[31m[1m^[22m[39m[31m[1m^[22m[39m[31m[1m^[22m[39m[31m[1m^[22m[39m[31m[1m^[22m[39m[31m[1m^[22m[39m[31m[1m^[22m[39m[31m[1m^[22m[39m[31m[1m^[22m[39m[31m[1m^[22m[39m[31m[1m^[22m[39m
 [90m 17 |[39m [36mimport[39m { [33mDiscomfortScreen[39m[33m,[39m [33mFocusScreen[39m } [36mfrom[39m [32m"./screens/FocusDiscomfortScreen"[39m[33m;[39m
 [90m 18 |[39m [36mimport[39m { [33mBirthDateScreen[39m[33m,[39m [33mHeightScreen[39m[33m,[39m [33mWeightScreen[39m } [36mfrom[39m [32m"./screens/PhysicalScreens"[39m[33m;[39m
 [90m 19 |[39m [36mimport[39m { [33mProposalScreen[39m } [36mfrom[39m [32m"./screens/ProposalScreen"[39m[33m;[39m[0m



Import traces:
  Client Component Browser:
    ./apps/web/src/features/onboarding/ui/OnboardingFlow.tsx [Client Component Browser]
    ./apps/web/src/features/onboarding/ui/OnboardingRoute.tsx [Client Component Browser]
    ./apps/web/src/features/onboarding/ui/OnboardingRoute.tsx [Server Component]
    ./apps/web/app/onboarding/page.tsx [Server Component]

  Client Component SSR:
    ./apps/web/src/features/onboarding/ui/OnboardingFlow.tsx [Client Component SSR]
    ./apps/web/src/features/onboarding/ui/OnboardingRoute.tsx [Client Component SSR]
    ./apps/web/src/features/onboarding/ui/OnboardingRoute.tsx [Server Component]
    ./apps/web/app/onboarding/page.tsx [Server Component]

https://nextjs.org/docs/messages/module-not-found


 ⨯ ./apps/web/src/features/onboarding/ui/OnboardingFlow.tsx:16:1
Module not found: Can't resolve './screens/EquipmentScreen'
[0m [90m 14 |[39m [36mimport[39m { [33mModeScreen[39m[33m,[39m [33mGoalsScreen[39m[33m,[39m [33mExperienceScreen[39m } [36mfrom[39m [32m"./screens/BasicSelectionScreens"[39m[33m;[39m
 [90m 15 |[39m [36mimport[39m { [33mDurationScreen[39m[33m,[39m [33mEnvironmentScreen[39m } [36mfrom[39m [32m"./screens/DurationEnvironmentScreen"[39m[33m;[39m
[31m[1m>[22m[39m[90m 16 |[39m [36mimport[39m { [33mEquipmentScreen[39m } [36mfrom[39m [32m"./screens/EquipmentScreen"[39m[33m;[39m
 [90m    |[39m [31m[1m^[22m[39m[31m[1m^[22m[39m[31m[1m^[22m[39m[31m[1m^[22m[39m[31m[1m^[22m[39m[31m[1m^[22m[39m[31m[1m^[22m[39m[31m[1m^[22m[39m[31m[1m^[22m[39m[31m[1m^[22m[39m[31m[1m^[22m[39m[31m[1m^[22m[39m[31m[1m^[22m[39m[31m[1m^[22m[39m[31m[1m^[22m[39m[31m[1m^[22m[39m[31m[1m^[22m[39m[31m[1m^[22m[39m[31m[1m^[22m[39m[31m[1m^[22m[39m[31m[1m^[22m[39m[31m[1m^[22m[39m[31m[1m^[22m[39m[31m[1m^[22m[39m[31m[1m^[22m[39m[31m[1m^[22m[39m[31m[1m^[22m[39m[31m[1m^[22m[39m[31m[1m^[22m[39m[31m[1m^[22m[39m[31m[1m^[22m[39m[31m[1m^[22m[39m[31m[1m^[22m[39m[31m[1m^[22m[39m[31m[1m^[22m[39m[31m[1m^[22m[39m[31m[1m^[22m[39m[31m[1m^[22m[39m[31m[1m^[22m[39m[31m[1m^[22m[39m[31m[1m^[22m[39m[31m[1m^[22m[39m[31m[1m^[22m[39m[31m[1m^[22m[39m[31m[1m^[22m[39m[31m[1m^[22m[39m[31m[1m^[22m[39m[31m[1m^[22m[39m[31m[1m^[22m[39m[31m[1m^[22m[39m[31m[1m^[22m[39m[31m[1m^[22m[39m[31m[1m^[22m[39m[31m[1m^[22m[39m[31m[1m^[22m[39m[31m[1m^[22m[39m[31m[1m^[22m[39m[31m[1m^[22m[39m[31m[1m^[22m[39m[31m[1m^[22m[39m
 [90m 17 |[39m [36mimport[39m { [33mDiscomfortScreen[39m[33m,[39m [33mFocusScreen[39m } [36mfrom[39m [32m"./screens/FocusDiscomfortScreen"[39m[33m;[39m
 [90m 18 |[39m [36mimport[39m { [33mBirthDateScreen[39m[33m,[39m [33mHeightScreen[39m[33m,[39m [33mWeightScreen[39m } [36mfrom[39m [32m"./screens/PhysicalScreens"[39m[33m;[39m
 [90m 19 |[39m [36mimport[39m { [33mProposalScreen[39m } [36mfrom[39m [32m"./screens/ProposalScreen"[39m[33m;[39m[0m



Import traces:
  Client Component Browser:
    ./apps/web/src/features/onboarding/ui/OnboardingFlow.tsx [Client Component Browser]
    ./apps/web/src/features/onboarding/ui/OnboardingRoute.tsx [Client Component Browser]
    ./apps/web/src/features/onboarding/ui/OnboardingRoute.tsx [Server Component]
    ./apps/web/app/onboarding/page.tsx [Server Component]

  Client Component SSR:
    ./apps/web/src/features/onboarding/ui/OnboardingFlow.tsx [Client Component SSR]
    ./apps/web/src/features/onboarding/ui/OnboardingRoute.tsx [Client Component SSR]
    ./apps/web/src/features/onboarding/ui/OnboardingRoute.tsx [Server Component]
    ./apps/web/app/onboarding/page.tsx [Server Component]

https://nextjs.org/docs/messages/module-not-found


 ⨯ ./apps/web/src/features/onboarding/ui/OnboardingFlow.tsx:16:1
Module not found: Can't resolve './screens/EquipmentScreen'
[0m [90m 14 |[39m [36mimport[39m { [33mModeScreen[39m[33m,[39m [33mGoalsScreen[39m[33m,[39m [33mExperienceScreen[39m } [36mfrom[39m [32m"./screens/BasicSelectionScreens"[39m[33m;[39m
 [90m 15 |[39m [36mimport[39m { [33mDurationScreen[39m[33m,[39m [33mEnvironmentScreen[39m } [36mfrom[39m [32m"./screens/DurationEnvironmentScreen"[39m[33m;[39m
[31m[1m>[22m[39m[90m 16 |[39m [36mimport[39m { [33mEquipmentScreen[39m } [36mfrom[39m [32m"./screens/EquipmentScreen"[39m[33m;[39m
 [90m    |[39m [31m[1m^[22m[39m[31m[1m^[22m[39m[31m[1m^[22m[39m[31m[1m^[22m[39m[31m[1m^[22m[39m[31m[1m^[22m[39m[31m[1m^[22m[39m[31m[1m^[22m[39m[31m[1m^[22m[39m[31m[1m^[22m[39m[31m[1m^[22m[39m[31m[1m^[22m[39m[31m[1m^[22m[39m[31m[1m^[22m[39m[31m[1m^[22m[39m[31m[1m^[22m[39m[31m[1m^[22m[39m[31m[1m^[22m[39m[31m[1m^[22m[39m[31m[1m^[22m[39m[31m[1m^[22m[39m[31m[1m^[22m[39m[31m[1m^[22m[39m[31m[1m^[22m[39m[31m[1m^[22m[39m[31m[1m^[22m[39m[31m[1m^[22m[39m[31m[1m^[22m[39m[31m[1m^[22m[39m[31m[1m^[22m[39m[31m[1m^[22m[39m[31m[1m^[22m[39m[31m[1m^[22m[39m[31m[1m^[22m[39m[31m[1m^[22m[39m[31m[1m^[22m[39m[31m[1m^[22m[39m[31m[1m^[22m[39m[31m[1m^[22m[39m[31m[1m^[22m[39m[31m[1m^[22m[39m[31m[1m^[22m[39m[31m[1m^[22m[39m[31m[1m^[22m[39m[31m[1m^[22m[39m[31m[1m^[22m[39m[31m[1m^[22m[39m[31m[1m^[22m[39m[31m[1m^[22m[39m[31m[1m^[22m[39m[31m[1m^[22m[39m[31m[1m^[22m[39m[31m[1m^[22m[39m[31m[1m^[22m[39m[31m[1m^[22m[39m[31m[1m^[22m[39m[31m[1m^[22m[39m[31m[1m^[22m[39m[31m[1m^[22m[39m[31m[1m^[22m[39m
 [90m 17 |[39m [36mimport[39m { [33mDiscomfortScreen[39m[33m,[39m [33mFocusScreen[39m } [36mfrom[39m [32m"./screens/FocusDiscomfortScreen"[39m[33m;[39m
 [90m 18 |[39m [36mimport[39m { [33mBirthDateScreen[39m[33m,[39m [33mHeightScreen[39m[33m,[39m [33mWeightScreen[39m } [36mfrom[39m [32m"./screens/PhysicalScreens"[39m[33m;[39m
 [90m 19 |[39m [36mimport[39m { [33mProposalScreen[39m } [36mfrom[39m [32m"./screens/ProposalScreen"[39m[33m;[39m[0m



Import traces:
  Client Component Browser:
    ./apps/web/src/features/onboarding/ui/OnboardingFlow.tsx [Client Component Browser]
    ./apps/web/src/features/onboarding/ui/OnboardingRoute.tsx [Client Component Browser]
    ./apps/web/src/features/onboarding/ui/OnboardingRoute.tsx [Server Component]
    ./apps/web/app/onboarding/page.tsx [Server Component]

  Client Component SSR:
    ./apps/web/src/features/onboarding/ui/OnboardingFlow.tsx [Client Component SSR]
    ./apps/web/src/features/onboarding/ui/OnboardingRoute.tsx [Client Component SSR]
    ./apps/web/src/features/onboarding/ui/OnboardingRoute.tsx [Server Component]
    ./apps/web/app/onboarding/page.tsx [Server Component]

https://nextjs.org/docs/messages/module-not-found


 ⨯ ./apps/web/src/features/onboarding/ui/OnboardingFlow.tsx:16:1
Module not found: Can't resolve './screens/EquipmentScreen'
[0m [90m 14 |[39m [36mimport[39m { [33mModeScreen[39m[33m,[39m [33mGoalsScreen[39m[33m,[39m [33mExperienceScreen[39m } [36mfrom[39m [32m"./screens/BasicSelectionScreens"[39m[33m;[39m
 [90m 15 |[39m [36mimport[39m { [33mDurationScreen[39m[33m,[39m [33mEnvironmentScreen[39m } [36mfrom[39m [32m"./screens/DurationEnvironmentScreen"[39m[33m;[39m
[31m[1m>[22m[39m[90m 16 |[39m [36mimport[39m { [33mEquipmentScreen[39m } [36mfrom[39m [32m"./screens/EquipmentScreen"[39m[33m;[39m
 [90m    |[39m [31m[1m^[22m[39m[31m[1m^[22m[39m[31m[1m^[22m[39m[31m[1m^[22m[39m[31m[1m^[22m[39m[31m[1m^[22m[39m[31m[1m^[22m[39m[31m[1m^[22m[39m[31m[1m^[22m[39m[31m[1m^[22m[39m[31m[1m^[22m[39m[31m[1m^[22m[39m[31m[1m^[22m[39m[31m[1m^[22m[39m[31m[1m^[22m[39m[31m[1m^[22m[39m[31m[1m^[22m[39m[31m[1m^[22m[39m[31m[1m^[22m[39m[31m[1m^[22m[39m[31m[1m^[22m[39m[31m[1m^[22m[39m[31m[1m^[22m[39m[31m[1m^[22m[39m[31m[1m^[22m[39m[31m[1m^[22m[39m[31m[1m^[22m[39m[31m[1m^[22m[39m[31m[1m^[22m[39m[31m[1m^[22m[39m[31m[1m^[22m[39m[31m[1m^[22m[39m[31m[1m^[22m[39m[31m[1m^[22m[39m[31m[1m^[22m[39m[31m[1m^[22m[39m[31m[1m^[22m[39m[31m[1m^[22m[39m[31m[1m^[22m[39m[31m[1m^[22m[39m[31m[1m^[22m[39m[31m[1m^[22m[39m[31m[1m^[22m[39m[31m[1m^[22m[39m[31m[1m^[22m[39m[31m[1m^[22m[39m[31m[1m^[22m[39m[31m[1m^[22m[39m[31m[1m^[22m[39m[31m[1m^[22m[39m[31m[1m^[22m[39m[31m[1m^[22m[39m[31m[1m^[22m[39m[31m[1m^[22m[39m[31m[1m^[22m[39m[31m[1m^[22m[39m[31m[1m^[22m[39m[31m[1m^[22m[39m[31m[1m^[22m[39m[31m[1m^[22m[39m
 [90m 17 |[39m [36mimport[39m { [33mDiscomfortScreen[39m[33m,[39m [33mFocusScreen[39m } [36mfrom[39m [32m"./screens/FocusDiscomfortScreen"[39m[33m;[39m
 [90m 18 |[39m [36mimport[39m { [33mBirthDateScreen[39m[33m,[39m [33mHeightScreen[39m[33m,[39m [33mWeightScreen[39m } [36mfrom[39m [32m"./screens/PhysicalScreens"[39m[33m;[39m
 [90m 19 |[39m [36mimport[39m { [33mProposalScreen[39m } [36mfrom[39m [32m"./screens/ProposalScreen"[39m[33m;[39m[0m



Import traces:
  Client Component Browser:
    ./apps/web/src/features/onboarding/ui/OnboardingFlow.tsx [Client Component Browser]
    ./apps/web/src/features/onboarding/ui/OnboardingRoute.tsx [Client Component Browser]
    ./apps/web/src/features/onboarding/ui/OnboardingRoute.tsx [Server Component]
    ./apps/web/app/onboarding/page.tsx [Server Component]

  Client Component SSR:
    ./apps/web/src/features/onboarding/ui/OnboardingFlow.tsx [Client Component SSR]
    ./apps/web/src/features/onboarding/ui/OnboardingRoute.tsx [Client Component SSR]
    ./apps/web/src/features/onboarding/ui/OnboardingRoute.tsx [Server Component]
    ./apps/web/app/onboarding/page.tsx [Server Component]

https://nextjs.org/docs/messages/module-not-found


 ⨯ ./apps/web/src/features/onboarding/ui/OnboardingFlow.tsx:16:1
Module not found: Can't resolve './screens/EquipmentScreen'
[0m [90m 14 |[39m [36mimport[39m { [33mModeScreen[39m[33m,[39m [33mGoalsScreen[39m[33m,[39m [33mExperienceScreen[39m } [36mfrom[39m [32m"./screens/BasicSelectionScreens"[39m[33m;[39m
 [90m 15 |[39m [36mimport[39m { [33mDurationScreen[39m[33m,[39m [33mEnvironmentScreen[39m } [36mfrom[39m [32m"./screens/DurationEnvironmentScreen"[39m[33m;[39m
[31m[1m>[22m[39m[90m 16 |[39m [36mimport[39m { [33mEquipmentScreen[39m } [36mfrom[39m [32m"./screens/EquipmentScreen"[39m[33m;[39m
 [90m    |[39m [31m[1m^[22m[39m[31m[1m^[22m[39m[31m[1m^[22m[39m[31m[1m^[22m[39m[31m[1m^[22m[39m[31m[1m^[22m[39m[31m[1m^[22m[39m[31m[1m^[22m[39m[31m[1m^[22m[39m[31m[1m^[22m[39m[31m[1m^[22m[39m[31m[1m^[22m[39m[31m[1m^[22m[39m[31m[1m^[22m[39m[31m[1m^[22m[39m[31m[1m^[22m[39m[31m[1m^[22m[39m[31m[1m^[22m[39m[31m[1m^[22m[39m[31m[1m^[22m[39m[31m[1m^[22m[39m[31m[1m^[22m[39m[31m[1m^[22m[39m[31m[1m^[22m[39m[31m[1m^[22m[39m[31m[1m^[22m[39m[31m[1m^[22m[39m[31m[1m^[22m[39m[31m[1m^[22m[39m[31m[1m^[22m[39m[31m[1m^[22m[39m[31m[1m^[22m[39m[31m[1m^[22m[39m[31m[1m^[22m[39m[31m[1m^[22m[39m[31m[1m^[22m[39m[31m[1m^[22m[39m[31m[1m^[22m[39m[31m[1m^[22m[39m[31m[1m^[22m[39m[31m[1m^[22m[39m[31m[1m^[22m[39m[31m[1m^[22m[39m[31m[1m^[22m[39m[31m[1m^[22m[39m[31m[1m^[22m[39m[31m[1m^[22m[39m[31m[1m^[22m[39m[31m[1m^[22m[39m[31m[1m^[22m[39m[31m[1m^[22m[39m[31m[1m^[22m[39m[31m[1m^[22m[39m[31m[1m^[22m[39m[31m[1m^[22m[39m[31m[1m^[22m[39m[31m[1m^[22m[39m[31m[1m^[22m[39m[31m[1m^[22m[39m[31m[1m^[22m[39m
 [90m 17 |[39m [36mimport[39m { [33mDiscomfortScreen[39m[33m,[39m [33mFocusScreen[39m } [36mfrom[39m [32m"./screens/FocusDiscomfortScreen"[39m[33m;[39m
 [90m 18 |[39m [36mimport[39m { [33mBirthDateScreen[39m[33m,[39m [33mHeightScreen[39m[33m,[39m [33mWeightScreen[39m } [36mfrom[39m [32m"./screens/PhysicalScreens"[39m[33m;[39m
 [90m 19 |[39m [36mimport[39m { [33mProposalScreen[39m } [36mfrom[39m [32m"./screens/ProposalScreen"[39m[33m;[39m[0m



Import traces:
  Client Component Browser:
    ./apps/web/src/features/onboarding/ui/OnboardingFlow.tsx [Client Component Browser]
    ./apps/web/src/features/onboarding/ui/OnboardingRoute.tsx [Client Component Browser]
    ./apps/web/src/features/onboarding/ui/OnboardingRoute.tsx [Server Component]
    ./apps/web/app/onboarding/page.tsx [Server Component]

  Client Component SSR:
    ./apps/web/src/features/onboarding/ui/OnboardingFlow.tsx [Client Component SSR]
    ./apps/web/src/features/onboarding/ui/OnboardingRoute.tsx [Client Component SSR]
    ./apps/web/src/features/onboarding/ui/OnboardingRoute.tsx [Server Component]
    ./apps/web/app/onboarding/page.tsx [Server Component]

https://nextjs.org/docs/messages/module-not-found


 ⨯ ./apps/web/src/features/onboarding/ui/OnboardingFlow.tsx:16:1
Module not found: Can't resolve './screens/EquipmentScreen'
[0m [90m 14 |[39m [36mimport[39m { [33mModeScreen[39m[33m,[39m [33mGoalsScreen[39m[33m,[39m [33mExperienceScreen[39m } [36mfrom[39m [32m"./screens/BasicSelectionScreens"[39m[33m;[39m
 [90m 15 |[39m [36mimport[39m { [33mDurationScreen[39m[33m,[39m [33mEnvironmentScreen[39m } [36mfrom[39m [32m"./screens/DurationEnvironmentScreen"[39m[33m;[39m
[31m[1m>[22m[39m[90m 16 |[39m [36mimport[39m { [33mEquipmentScreen[39m } [36mfrom[39m [32m"./screens/EquipmentScreen"[39m[33m;[39m
 [90m    |[39m [31m[1m^[22m[39m[31m[1m^[22m[39m[31m[1m^[22m[39m[31m[1m^[22m[39m[31m[1m^[22m[39m[31m[1m^[22m[39m[31m[1m^[22m[39m[31m[1m^[22m[39m[31m[1m^[22m[39m[31m[1m^[22m[39m[31m[1m^[22m[39m[31m[1m^[22m[39m[31m[1m^[22m[39m[31m[1m^[22m[39m[31m[1m^[22m[39m[31m[1m^[22m[39m[31m[1m^[22m[39m[31m[1m^[22m[39m[31m[1m^[22m[39m[31m[1m^[22m[39m[31m[1m^[22m[39m[31m[1m^[22m[39m[31m[1m^[22m[39m[31m[1m^[22m[39m[31m[1m^[22m[39m[31m[1m^[22m[39m[31m[1m^[22m[39m[31m[1m^[22m[39m[31m[1m^[22m[39m[31m[1m^[22m[39m[31m[1m^[22m[39m[31m[1m^[22m[39m[31m[1m^[22m[39m[31m[1m^[22m[39m[31m[1m^[22m[39m[31m[1m^[22m[39m[31m[1m^[22m[39m[31m[1m^[22m[39m[31m[1m^[22m[39m[31m[1m^[22m[39m[31m[1m^[22m[39m[31m[1m^[22m[39m[31m[1m^[22m[39m[31m[1m^[22m[39m[31m[1m^[22m[39m[31m[1m^[22m[39m[31m[1m^[22m[39m[31m[1m^[22m[39m[31m[1m^[22m[39m[31m[1m^[22m[39m[31m[1m^[22m[39m[31m[1m^[22m[39m[31m[1m^[22m[39m[31m[1m^[22m[39m[31m[1m^[22m[39m[31m[1m^[22m[39m[31m[1m^[22m[39m[31m[1m^[22m[39m[31m[1m^[22m[39m[31m[1m^[22m[39m
 [90m 17 |[39m [36mimport[39m { [33mDiscomfortScreen[39m[33m,[39m [33mFocusScreen[39m } [36mfrom[39m [32m"./screens/FocusDiscomfortScreen"[39m[33m;[39m
 [90m 18 |[39m [36mimport[39m { [33mBirthDateScreen[39m[33m,[39m [33mHeightScreen[39m[33m,[39m [33mWeightScreen[39m } [36mfrom[39m [32m"./screens/PhysicalScreens"[39m[33m;[39m
 [90m 19 |[39m [36mimport[39m { [33mProposalScreen[39m } [36mfrom[39m [32m"./screens/ProposalScreen"[39m[33m;[39m[0m



Import traces:
  Client Component Browser:
    ./apps/web/src/features/onboarding/ui/OnboardingFlow.tsx [Client Component Browser]
    ./apps/web/src/features/onboarding/ui/OnboardingRoute.tsx [Client Component Browser]
    ./apps/web/src/features/onboarding/ui/OnboardingRoute.tsx [Server Component]
    ./apps/web/app/onboarding/page.tsx [Server Component]

  Client Component SSR:
    ./apps/web/src/features/onboarding/ui/OnboardingFlow.tsx [Client Component SSR]
    ./apps/web/src/features/onboarding/ui/OnboardingRoute.tsx [Client Component SSR]
    ./apps/web/src/features/onboarding/ui/OnboardingRoute.tsx [Server Component]
    ./apps/web/app/onboarding/page.tsx [Server Component]

https://nextjs.org/docs/messages/module-not-found


 ✓ Compiled in 84ms
 ⨯ ./apps/web/src/features/onboarding/ui/screens/EquipmentScreen.tsx:7:1
Module not found: Can't resolve './EquipmentScreen.module.css'
[0m [90m  5 |[39m [36mimport[39m { [33mENVIRONMENT_OPTIONS[39m[33m,[39m [33mEQUIPMENT_OPTIONS[39m } [36mfrom[39m [32m"../../presentation/constants"[39m[33m;[39m
 [90m  6 |[39m [36mimport[39m type { [33mEnvironment[39m[33m,[39m [33mEquipmentCategory[39m[33m,[39m [33mEnvironmentKind[39m } [36mfrom[39m [32m"../../presentation/types"[39m[33m;[39m
[31m[1m>[22m[39m[90m  7 |[39m [36mimport[39m styles [36mfrom[39m [32m"./EquipmentScreen.module.css"[39m[33m;[39m
 [90m    |[39m [31m[1m^[22m[39m[31m[1m^[22m[39m[31m[1m^[22m[39m[31m[1m^[22m[39m[31m[1m^[22m[39m[31m[1m^[22m[39m[31m[1m^[22m[39m[31m[1m^[22m[39m[31m[1m^[22m[39m[31m[1m^[22m[39m[31m[1m^[22m[39m[31m[1m^[22m[39m[31m[1m^[22m[39m[31m[1m^[22m[39m[31m[1m^[22m[39m[31m[1m^[22m[39m[31m[1m^[22m[39m[31m[1m^[22m[39m[31m[1m^[22m[39m[31m[1m^[22m[39m[31m[1m^[22m[39m[31m[1m^[22m[39m[31m[1m^[22m[39m[31m[1m^[22m[39m[31m[1m^[22m[39m[31m[1m^[22m[39m[31m[1m^[22m[39m[31m[1m^[22m[39m[31m[1m^[22m[39m[31m[1m^[22m[39m[31m[1m^[22m[39m[31m[1m^[22m[39m[31m[1m^[22m[39m[31m[1m^[22m[39m[31m[1m^[22m[39m[31m[1m^[22m[39m[31m[1m^[22m[39m[31m[1m^[22m[39m[31m[1m^[22m[39m[31m[1m^[22m[39m[31m[1m^[22m[39m[31m[1m^[22m[39m[31m[1m^[22m[39m[31m[1m^[22m[39m[31m[1m^[22m[39m[31m[1m^[22m[39m[31m[1m^[22m[39m[31m[1m^[22m[39m[31m[1m^[22m[39m[31m[1m^[22m[39m
 [90m  8 |[39m
 [90m  9 |[39m type [33mEquipmentScreenProps[39m [33m=[39m {
 [90m 10 |[39m   environments[33m:[39m [33mEnvironment[39m[][33m;[39m[0m



Import traces:
  Client Component Browser:
    ./apps/web/src/features/onboarding/ui/screens/EquipmentScreen.tsx [Client Component Browser]
    ./apps/web/src/features/onboarding/ui/OnboardingFlow.tsx [Client Component Browser]
    ./apps/web/src/features/onboarding/ui/OnboardingRoute.tsx [Client Component Browser]
    ./apps/web/src/features/onboarding/ui/OnboardingRoute.tsx [Server Component]
    ./apps/web/app/onboarding/page.tsx [Server Component]

  Client Component SSR:
    ./apps/web/src/features/onboarding/ui/screens/EquipmentScreen.tsx [Client Component SSR]
    ./apps/web/src/features/onboarding/ui/OnboardingFlow.tsx [Client Component SSR]
    ./apps/web/src/features/onboarding/ui/OnboardingRoute.tsx [Client Component SSR]
    ./apps/web/src/features/onboarding/ui/OnboardingRoute.tsx [Server Component]
    ./apps/web/app/onboarding/page.tsx [Server Component]

https://nextjs.org/docs/messages/module-not-found


 ⨯ ./apps/web/src/features/onboarding/ui/screens/EquipmentScreen.tsx:7:1
Module not found: Can't resolve './EquipmentScreen.module.css'
[0m [90m  5 |[39m [36mimport[39m { [33mENVIRONMENT_OPTIONS[39m[33m,[39m [33mEQUIPMENT_OPTIONS[39m } [36mfrom[39m [32m"../../presentation/constants"[39m[33m;[39m
 [90m  6 |[39m [36mimport[39m type { [33mEnvironment[39m[33m,[39m [33mEquipmentCategory[39m[33m,[39m [33mEnvironmentKind[39m } [36mfrom[39m [32m"../../presentation/types"[39m[33m;[39m
[31m[1m>[22m[39m[90m  7 |[39m [36mimport[39m styles [36mfrom[39m [32m"./EquipmentScreen.module.css"[39m[33m;[39m
 [90m    |[39m [31m[1m^[22m[39m[31m[1m^[22m[39m[31m[1m^[22m[39m[31m[1m^[22m[39m[31m[1m^[22m[39m[31m[1m^[22m[39m[31m[1m^[22m[39m[31m[1m^[22m[39m[31m[1m^[22m[39m[31m[1m^[22m[39m[31m[1m^[22m[39m[31m[1m^[22m[39m[31m[1m^[22m[39m[31m[1m^[22m[39m[31m[1m^[22m[39m[31m[1m^[22m[39m[31m[1m^[22m[39m[31m[1m^[22m[39m[31m[1m^[22m[39m[31m[1m^[22m[39m[31m[1m^[22m[39m[31m[1m^[22m[39m[31m[1m^[22m[39m[31m[1m^[22m[39m[31m[1m^[22m[39m[31m[1m^[22m[39m[31m[1m^[22m[39m[31m[1m^[22m[39m[31m[1m^[22m[39m[31m[1m^[22m[39m[31m[1m^[22m[39m[31m[1m^[22m[39m[31m[1m^[22m[39m[31m[1m^[22m[39m[31m[1m^[22m[39m[31m[1m^[22m[39m[31m[1m^[22m[39m[31m[1m^[22m[39m[31m[1m^[22m[39m[31m[1m^[22m[39m[31m[1m^[22m[39m[31m[1m^[22m[39m[31m[1m^[22m[39m[31m[1m^[22m[39m[31m[1m^[22m[39m[31m[1m^[22m[39m[31m[1m^[22m[39m[31m[1m^[22m[39m[31m[1m^[22m[39m[31m[1m^[22m[39m
 [90m  8 |[39m
 [90m  9 |[39m type [33mEquipmentScreenProps[39m [33m=[39m {
 [90m 10 |[39m   environments[33m:[39m [33mEnvironment[39m[][33m;[39m[0m



Import traces:
  Client Component Browser:
    ./apps/web/src/features/onboarding/ui/screens/EquipmentScreen.tsx [Client Component Browser]
    ./apps/web/src/features/onboarding/ui/OnboardingFlow.tsx [Client Component Browser]
    ./apps/web/src/features/onboarding/ui/OnboardingRoute.tsx [Client Component Browser]
    ./apps/web/src/features/onboarding/ui/OnboardingRoute.tsx [Server Component]
    ./apps/web/app/onboarding/page.tsx [Server Component]

  Client Component SSR:
    ./apps/web/src/features/onboarding/ui/screens/EquipmentScreen.tsx [Client Component SSR]
    ./apps/web/src/features/onboarding/ui/OnboardingFlow.tsx [Client Component SSR]
    ./apps/web/src/features/onboarding/ui/OnboardingRoute.tsx [Client Component SSR]
    ./apps/web/src/features/onboarding/ui/OnboardingRoute.tsx [Server Component]
    ./apps/web/app/onboarding/page.tsx [Server Component]

https://nextjs.org/docs/messages/module-not-found


 ⨯ ./apps/web/src/features/onboarding/ui/screens/EquipmentScreen.tsx:7:1
Module not found: Can't resolve './EquipmentScreen.module.css'
[0m [90m  5 |[39m [36mimport[39m { [33mENVIRONMENT_OPTIONS[39m[33m,[39m [33mEQUIPMENT_OPTIONS[39m } [36mfrom[39m [32m"../../presentation/constants"[39m[33m;[39m
 [90m  6 |[39m [36mimport[39m type { [33mEnvironment[39m[33m,[39m [33mEquipmentCategory[39m[33m,[39m [33mEnvironmentKind[39m } [36mfrom[39m [32m"../../presentation/types"[39m[33m;[39m
[31m[1m>[22m[39m[90m  7 |[39m [36mimport[39m styles [36mfrom[39m [32m"./EquipmentScreen.module.css"[39m[33m;[39m
 [90m    |[39m [31m[1m^[22m[39m[31m[1m^[22m[39m[31m[1m^[22m[39m[31m[1m^[22m[39m[31m[1m^[22m[39m[31m[1m^[22m[39m[31m[1m^[22m[39m[31m[1m^[22m[39m[31m[1m^[22m[39m[31m[1m^[22m[39m[31m[1m^[22m[39m[31m[1m^[22m[39m[31m[1m^[22m[39m[31m[1m^[22m[39m[31m[1m^[22m[39m[31m[1m^[22m[39m[31m[1m^[22m[39m[31m[1m^[22m[39m[31m[1m^[22m[39m[31m[1m^[22m[39m[31m[1m^[22m[39m[31m[1m^[22m[39m[31m[1m^[22m[39m[31m[1m^[22m[39m[31m[1m^[22m[39m[31m[1m^[22m[39m[31m[1m^[22m[39m[31m[1m^[22m[39m[31m[1m^[22m[39m[31m[1m^[22m[39m[31m[1m^[22m[39m[31m[1m^[22m[39m[31m[1m^[22m[39m[31m[1m^[22m[39m[31m[1m^[22m[39m[31m[1m^[22m[39m[31m[1m^[22m[39m[31m[1m^[22m[39m[31m[1m^[22m[39m[31m[1m^[22m[39m[31m[1m^[22m[39m[31m[1m^[22m[39m[31m[1m^[22m[39m[31m[1m^[22m[39m[31m[1m^[22m[39m[31m[1m^[22m[39m[31m[1m^[22m[39m[31m[1m^[22m[39m[31m[1m^[22m[39m[31m[1m^[22m[39m
 [90m  8 |[39m
 [90m  9 |[39m type [33mEquipmentScreenProps[39m [33m=[39m {
 [90m 10 |[39m   environments[33m:[39m [33mEnvironment[39m[][33m;[39m[0m



Import traces:
  Client Component Browser:
    ./apps/web/src/features/onboarding/ui/screens/EquipmentScreen.tsx [Client Component Browser]
    ./apps/web/src/features/onboarding/ui/OnboardingFlow.tsx [Client Component Browser]
    ./apps/web/src/features/onboarding/ui/OnboardingRoute.tsx [Client Component Browser]
    ./apps/web/src/features/onboarding/ui/OnboardingRoute.tsx [Server Component]
    ./apps/web/app/onboarding/page.tsx [Server Component]

  Client Component SSR:
    ./apps/web/src/features/onboarding/ui/screens/EquipmentScreen.tsx [Client Component SSR]
    ./apps/web/src/features/onboarding/ui/OnboardingFlow.tsx [Client Component SSR]
    ./apps/web/src/features/onboarding/ui/OnboardingRoute.tsx [Client Component SSR]
    ./apps/web/src/features/onboarding/ui/OnboardingRoute.tsx [Server Component]
    ./apps/web/app/onboarding/page.tsx [Server Component]

https://nextjs.org/docs/messages/module-not-found


 ⨯ ./apps/web/src/features/onboarding/ui/screens/EquipmentScreen.tsx:7:1
Module not found: Can't resolve './EquipmentScreen.module.css'
[0m [90m  5 |[39m [36mimport[39m { [33mENVIRONMENT_OPTIONS[39m[33m,[39m [33mEQUIPMENT_OPTIONS[39m } [36mfrom[39m [32m"../../presentation/constants"[39m[33m;[39m
 [90m  6 |[39m [36mimport[39m type { [33mEnvironment[39m[33m,[39m [33mEquipmentCategory[39m[33m,[39m [33mEnvironmentKind[39m } [36mfrom[39m [32m"../../presentation/types"[39m[33m;[39m
[31m[1m>[22m[39m[90m  7 |[39m [36mimport[39m styles [36mfrom[39m [32m"./EquipmentScreen.module.css"[39m[33m;[39m
 [90m    |[39m [31m[1m^[22m[39m[31m[1m^[22m[39m[31m[1m^[22m[39m[31m[1m^[22m[39m[31m[1m^[22m[39m[31m[1m^[22m[39m[31m[1m^[22m[39m[31m[1m^[22m[39m[31m[1m^[22m[39m[31m[1m^[22m[39m[31m[1m^[22m[39m[31m[1m^[22m[39m[31m[1m^[22m[39m[31m[1m^[22m[39m[31m[1m^[22m[39m[31m[1m^[22m[39m[31m[1m^[22m[39m[31m[1m^[22m[39m[31m[1m^[22m[39m[31m[1m^[22m[39m[31m[1m^[22m[39m[31m[1m^[22m[39m[31m[1m^[22m[39m[31m[1m^[22m[39m[31m[1m^[22m[39m[31m[1m^[22m[39m[31m[1m^[22m[39m[31m[1m^[22m[39m[31m[1m^[22m[39m[31m[1m^[22m[39m[31m[1m^[22m[39m[31m[1m^[22m[39m[31m[1m^[22m[39m[31m[1m^[22m[39m[31m[1m^[22m[39m[31m[1m^[22m[39m[31m[1m^[22m[39m[31m[1m^[22m[39m[31m[1m^[22m[39m[31m[1m^[22m[39m[31m[1m^[22m[39m[31m[1m^[22m[39m[31m[1m^[22m[39m[31m[1m^[22m[39m[31m[1m^[22m[39m[31m[1m^[22m[39m[31m[1m^[22m[39m[31m[1m^[22m[39m[31m[1m^[22m[39m[31m[1m^[22m[39m
 [90m  8 |[39m
 [90m  9 |[39m type [33mEquipmentScreenProps[39m [33m=[39m {
 [90m 10 |[39m   environments[33m:[39m [33mEnvironment[39m[][33m;[39m[0m



Import traces:
  Client Component Browser:
    ./apps/web/src/features/onboarding/ui/screens/EquipmentScreen.tsx [Client Component Browser]
    ./apps/web/src/features/onboarding/ui/OnboardingFlow.tsx [Client Component Browser]
    ./apps/web/src/features/onboarding/ui/OnboardingRoute.tsx [Client Component Browser]
    ./apps/web/src/features/onboarding/ui/OnboardingRoute.tsx [Server Component]
    ./apps/web/app/onboarding/page.tsx [Server Component]

  Client Component SSR:
    ./apps/web/src/features/onboarding/ui/screens/EquipmentScreen.tsx [Client Component SSR]
    ./apps/web/src/features/onboarding/ui/OnboardingFlow.tsx [Client Component SSR]
    ./apps/web/src/features/onboarding/ui/OnboardingRoute.tsx [Client Component SSR]
    ./apps/web/src/features/onboarding/ui/OnboardingRoute.tsx [Server Component]
    ./apps/web/app/onboarding/page.tsx [Server Component]

https://nextjs.org/docs/messages/module-not-found


 ⨯ ./apps/web/src/features/onboarding/ui/screens/EquipmentScreen.tsx:7:1
Module not found: Can't resolve './EquipmentScreen.module.css'
[0m [90m  5 |[39m [36mimport[39m { [33mENVIRONMENT_OPTIONS[39m[33m,[39m [33mEQUIPMENT_OPTIONS[39m } [36mfrom[39m [32m"../../presentation/constants"[39m[33m;[39m
 [90m  6 |[39m [36mimport[39m type { [33mEnvironment[39m[33m,[39m [33mEquipmentCategory[39m[33m,[39m [33mEnvironmentKind[39m } [36mfrom[39m [32m"../../presentation/types"[39m[33m;[39m
[31m[1m>[22m[39m[90m  7 |[39m [36mimport[39m styles [36mfrom[39m [32m"./EquipmentScreen.module.css"[39m[33m;[39m
 [90m    |[39m [31m[1m^[22m[39m[31m[1m^[22m[39m[31m[1m^[22m[39m[31m[1m^[22m[39m[31m[1m^[22m[39m[31m[1m^[22m[39m[31m[1m^[22m[39m[31m[1m^[22m[39m[31m[1m^[22m[39m[31m[1m^[22m[39m[31m[1m^[22m[39m[31m[1m^[22m[39m[31m[1m^[22m[39m[31m[1m^[22m[39m[31m[1m^[22m[39m[31m[1m^[22m[39m[31m[1m^[22m[39m[31m[1m^[22m[39m[31m[1m^[22m[39m[31m[1m^[22m[39m[31m[1m^[22m[39m[31m[1m^[22m[39m[31m[1m^[22m[39m[31m[1m^[22m[39m[31m[1m^[22m[39m[31m[1m^[22m[39m[31m[1m^[22m[39m[31m[1m^[22m[39m[31m[1m^[22m[39m[31m[1m^[22m[39m[31m[1m^[22m[39m[31m[1m^[22m[39m[31m[1m^[22m[39m[31m[1m^[22m[39m[31m[1m^[22m[39m[31m[1m^[22m[39m[31m[1m^[22m[39m[31m[1m^[22m[39m[31m[1m^[22m[39m[31m[1m^[22m[39m[31m[1m^[22m[39m[31m[1m^[22m[39m[31m[1m^[22m[39m[31m[1m^[22m[39m[31m[1m^[22m[39m[31m[1m^[22m[39m[31m[1m^[22m[39m[31m[1m^[22m[39m[31m[1m^[22m[39m[31m[1m^[22m[39m
 [90m  8 |[39m
 [90m  9 |[39m type [33mEquipmentScreenProps[39m [33m=[39m {
 [90m 10 |[39m   environments[33m:[39m [33mEnvironment[39m[][33m;[39m[0m



Import traces:
  Client Component Browser:
    ./apps/web/src/features/onboarding/ui/screens/EquipmentScreen.tsx [Client Component Browser]
    ./apps/web/src/features/onboarding/ui/OnboardingFlow.tsx [Client Component Browser]
    ./apps/web/src/features/onboarding/ui/OnboardingRoute.tsx [Client Component Browser]
    ./apps/web/src/features/onboarding/ui/OnboardingRoute.tsx [Server Component]
    ./apps/web/app/onboarding/page.tsx [Server Component]

  Client Component SSR:
    ./apps/web/src/features/onboarding/ui/screens/EquipmentScreen.tsx [Client Component SSR]
    ./apps/web/src/features/onboarding/ui/OnboardingFlow.tsx [Client Component SSR]
    ./apps/web/src/features/onboarding/ui/OnboardingRoute.tsx [Client Component SSR]
    ./apps/web/src/features/onboarding/ui/OnboardingRoute.tsx [Server Component]
    ./apps/web/app/onboarding/page.tsx [Server Component]

https://nextjs.org/docs/messages/module-not-found


 ⨯ ./apps/web/src/features/onboarding/ui/screens/EquipmentScreen.tsx:7:1
Module not found: Can't resolve './EquipmentScreen.module.css'
[0m [90m  5 |[39m [36mimport[39m { [33mENVIRONMENT_OPTIONS[39m[33m,[39m [33mEQUIPMENT_OPTIONS[39m } [36mfrom[39m [32m"../../presentation/constants"[39m[33m;[39m
 [90m  6 |[39m [36mimport[39m type { [33mEnvironment[39m[33m,[39m [33mEquipmentCategory[39m[33m,[39m [33mEnvironmentKind[39m } [36mfrom[39m [32m"../../presentation/types"[39m[33m;[39m
[31m[1m>[22m[39m[90m  7 |[39m [36mimport[39m styles [36mfrom[39m [32m"./EquipmentScreen.module.css"[39m[33m;[39m
 [90m    |[39m [31m[1m^[22m[39m[31m[1m^[22m[39m[31m[1m^[22m[39m[31m[1m^[22m[39m[31m[1m^[22m[39m[31m[1m^[22m[39m[31m[1m^[22m[39m[31m[1m^[22m[39m[31m[1m^[22m[39m[31m[1m^[22m[39m[31m[1m^[22m[39m[31m[1m^[22m[39m[31m[1m^[22m[39m[31m[1m^[22m[39m[31m[1m^[22m[39m[31m[1m^[22m[39m[31m[1m^[22m[39m[31m[1m^[22m[39m[31m[1m^[22m[39m[31m[1m^[22m[39m[31m[1m^[22m[39m[31m[1m^[22m[39m[31m[1m^[22m[39m[31m[1m^[22m[39m[31m[1m^[22m[39m[31m[1m^[22m[39m[31m[1m^[22m[39m[31m[1m^[22m[39m[31m[1m^[22m[39m[31m[1m^[22m[39m[31m[1m^[22m[39m[31m[1m^[22m[39m[31m[1m^[22m[39m[31m[1m^[22m[39m[31m[1m^[22m[39m[31m[1m^[22m[39m[31m[1m^[22m[39m[31m[1m^[22m[39m[31m[1m^[22m[39m[31m[1m^[22m[39m[31m[1m^[22m[39m[31m[1m^[22m[39m[31m[1m^[22m[39m[31m[1m^[22m[39m[31m[1m^[22m[39m[31m[1m^[22m[39m[31m[1m^[22m[39m[31m[1m^[22m[39m[31m[1m^[22m[39m[31m[1m^[22m[39m
 [90m  8 |[39m
 [90m  9 |[39m type [33mEquipmentScreenProps[39m [33m=[39m {
 [90m 10 |[39m   environments[33m:[39m [33mEnvironment[39m[][33m;[39m[0m



Import traces:
  Client Component Browser:
    ./apps/web/src/features/onboarding/ui/screens/EquipmentScreen.tsx [Client Component Browser]
    ./apps/web/src/features/onboarding/ui/OnboardingFlow.tsx [Client Component Browser]
    ./apps/web/src/features/onboarding/ui/OnboardingRoute.tsx [Client Component Browser]
    ./apps/web/src/features/onboarding/ui/OnboardingRoute.tsx [Server Component]
    ./apps/web/app/onboarding/page.tsx [Server Component]

  Client Component SSR:
    ./apps/web/src/features/onboarding/ui/screens/EquipmentScreen.tsx [Client Component SSR]
    ./apps/web/src/features/onboarding/ui/OnboardingFlow.tsx [Client Component SSR]
    ./apps/web/src/features/onboarding/ui/OnboardingRoute.tsx [Client Component SSR]
    ./apps/web/src/features/onboarding/ui/OnboardingRoute.tsx [Server Component]
    ./apps/web/app/onboarding/page.tsx [Server Component]

https://nextjs.org/docs/messages/module-not-found


 ⨯ ./apps/web/src/features/onboarding/ui/screens/EquipmentScreen.tsx:7:1
Module not found: Can't resolve './EquipmentScreen.module.css'
[0m [90m  5 |[39m [36mimport[39m { [33mENVIRONMENT_OPTIONS[39m[33m,[39m [33mEQUIPMENT_OPTIONS[39m } [36mfrom[39m [32m"../../presentation/constants"[39m[33m;[39m
 [90m  6 |[39m [36mimport[39m type { [33mEnvironment[39m[33m,[39m [33mEquipmentCategory[39m[33m,[39m [33mEnvironmentKind[39m } [36mfrom[39m [32m"../../presentation/types"[39m[33m;[39m
[31m[1m>[22m[39m[90m  7 |[39m [36mimport[39m styles [36mfrom[39m [32m"./EquipmentScreen.module.css"[39m[33m;[39m
 [90m    |[39m [31m[1m^[22m[39m[31m[1m^[22m[39m[31m[1m^[22m[39m[31m[1m^[22m[39m[31m[1m^[22m[39m[31m[1m^[22m[39m[31m[1m^[22m[39m[31m[1m^[22m[39m[31m[1m^[22m[39m[31m[1m^[22m[39m[31m[1m^[22m[39m[31m[1m^[22m[39m[31m[1m^[22m[39m[31m[1m^[22m[39m[31m[1m^[22m[39m[31m[1m^[22m[39m[31m[1m^[22m[39m[31m[1m^[22m[39m[31m[1m^[22m[39m[31m[1m^[22m[39m[31m[1m^[22m[39m[31m[1m^[22m[39m[31m[1m^[22m[39m[31m[1m^[22m[39m[31m[1m^[22m[39m[31m[1m^[22m[39m[31m[1m^[22m[39m[31m[1m^[22m[39m[31m[1m^[22m[39m[31m[1m^[22m[39m[31m[1m^[22m[39m[31m[1m^[22m[39m[31m[1m^[22m[39m[31m[1m^[22m[39m[31m[1m^[22m[39m[31m[1m^[22m[39m[31m[1m^[22m[39m[31m[1m^[22m[39m[31m[1m^[22m[39m[31m[1m^[22m[39m[31m[1m^[22m[39m[31m[1m^[22m[39m[31m[1m^[22m[39m[31m[1m^[22m[39m[31m[1m^[22m[39m[31m[1m^[22m[39m[31m[1m^[22m[39m[31m[1m^[22m[39m[31m[1m^[22m[39m[31m[1m^[22m[39m
 [90m  8 |[39m
 [90m  9 |[39m type [33mEquipmentScreenProps[39m [33m=[39m {
 [90m 10 |[39m   environments[33m:[39m [33mEnvironment[39m[][33m;[39m[0m



Import traces:
  Client Component Browser:
    ./apps/web/src/features/onboarding/ui/screens/EquipmentScreen.tsx [Client Component Browser]
    ./apps/web/src/features/onboarding/ui/OnboardingFlow.tsx [Client Component Browser]
    ./apps/web/src/features/onboarding/ui/OnboardingRoute.tsx [Client Component Browser]
    ./apps/web/src/features/onboarding/ui/OnboardingRoute.tsx [Server Component]
    ./apps/web/app/onboarding/page.tsx [Server Component]

  Client Component SSR:
    ./apps/web/src/features/onboarding/ui/screens/EquipmentScreen.tsx [Client Component SSR]
    ./apps/web/src/features/onboarding/ui/OnboardingFlow.tsx [Client Component SSR]
    ./apps/web/src/features/onboarding/ui/OnboardingRoute.tsx [Client Component SSR]
    ./apps/web/src/features/onboarding/ui/OnboardingRoute.tsx [Server Component]
    ./apps/web/app/onboarding/page.tsx [Server Component]

https://nextjs.org/docs/messages/module-not-found


 ⨯ ./apps/web/src/features/onboarding/ui/screens/EquipmentScreen.tsx:7:1
Module not found: Can't resolve './EquipmentScreen.module.css'
[0m [90m  5 |[39m [36mimport[39m { [33mENVIRONMENT_OPTIONS[39m[33m,[39m [33mEQUIPMENT_OPTIONS[39m } [36mfrom[39m [32m"../../presentation/constants"[39m[33m;[39m
 [90m  6 |[39m [36mimport[39m type { [33mEnvironment[39m[33m,[39m [33mEquipmentCategory[39m[33m,[39m [33mEnvironmentKind[39m } [36mfrom[39m [32m"../../presentation/types"[39m[33m;[39m
[31m[1m>[22m[39m[90m  7 |[39m [36mimport[39m styles [36mfrom[39m [32m"./EquipmentScreen.module.css"[39m[33m;[39m
 [90m    |[39m [31m[1m^[22m[39m[31m[1m^[22m[39m[31m[1m^[22m[39m[31m[1m^[22m[39m[31m[1m^[22m[39m[31m[1m^[22m[39m[31m[1m^[22m[39m[31m[1m^[22m[39m[31m[1m^[22m[39m[31m[1m^[22m[39m[31m[1m^[22m[39m[31m[1m^[22m[39m[31m[1m^[22m[39m[31m[1m^[22m[39m[31m[1m^[22m[39m[31m[1m^[22m[39m[31m[1m^[22m[39m[31m[1m^[22m[39m[31m[1m^[22m[39m[31m[1m^[22m[39m[31m[1m^[22m[39m[31m[1m^[22m[39m[31m[1m^[22m[39m[31m[1m^[22m[39m[31m[1m^[22m[39m[31m[1m^[22m[39m[31m[1m^[22m[39m[31m[1m^[22m[39m[31m[1m^[22m[39m[31m[1m^[22m[39m[31m[1m^[22m[39m[31m[1m^[22m[39m[31m[1m^[22m[39m[31m[1m^[22m[39m[31m[1m^[22m[39m[31m[1m^[22m[39m[31m[1m^[22m[39m[31m[1m^[22m[39m[31m[1m^[22m[39m[31m[1m^[22m[39m[31m[1m^[22m[39m[31m[1m^[22m[39m[31m[1m^[22m[39m[31m[1m^[22m[39m[31m[1m^[22m[39m[31m[1m^[22m[39m[31m[1m^[22m[39m[31m[1m^[22m[39m[31m[1m^[22m[39m[31m[1m^[22m[39m
 [90m  8 |[39m
 [90m  9 |[39m type [33mEquipmentScreenProps[39m [33m=[39m {
 [90m 10 |[39m   environments[33m:[39m [33mEnvironment[39m[][33m;[39m[0m



Import traces:
  Client Component Browser:
    ./apps/web/src/features/onboarding/ui/screens/EquipmentScreen.tsx [Client Component Browser]
    ./apps/web/src/features/onboarding/ui/OnboardingFlow.tsx [Client Component Browser]
    ./apps/web/src/features/onboarding/ui/OnboardingRoute.tsx [Client Component Browser]
    ./apps/web/src/features/onboarding/ui/OnboardingRoute.tsx [Server Component]
    ./apps/web/app/onboarding/page.tsx [Server Component]

  Client Component SSR:
    ./apps/web/src/features/onboarding/ui/screens/EquipmentScreen.tsx [Client Component SSR]
    ./apps/web/src/features/onboarding/ui/OnboardingFlow.tsx [Client Component SSR]
    ./apps/web/src/features/onboarding/ui/OnboardingRoute.tsx [Client Component SSR]
    ./apps/web/src/features/onboarding/ui/OnboardingRoute.tsx [Server Component]
    ./apps/web/app/onboarding/page.tsx [Server Component]

https://nextjs.org/docs/messages/module-not-found


 ⨯ ./apps/web/src/features/onboarding/ui/screens/EquipmentScreen.tsx:7:1
Module not found: Can't resolve './EquipmentScreen.module.css'
[0m [90m  5 |[39m [36mimport[39m { [33mENVIRONMENT_OPTIONS[39m[33m,[39m [33mEQUIPMENT_OPTIONS[39m } [36mfrom[39m [32m"../../presentation/constants"[39m[33m;[39m
 [90m  6 |[39m [36mimport[39m type { [33mEnvironment[39m[33m,[39m [33mEquipmentCategory[39m[33m,[39m [33mEnvironmentKind[39m } [36mfrom[39m [32m"../../presentation/types"[39m[33m;[39m
[31m[1m>[22m[39m[90m  7 |[39m [36mimport[39m styles [36mfrom[39m [32m"./EquipmentScreen.module.css"[39m[33m;[39m
 [90m    |[39m [31m[1m^[22m[39m[31m[1m^[22m[39m[31m[1m^[22m[39m[31m[1m^[22m[39m[31m[1m^[22m[39m[31m[1m^[22m[39m[31m[1m^[22m[39m[31m[1m^[22m[39m[31m[1m^[22m[39m[31m[1m^[22m[39m[31m[1m^[22m[39m[31m[1m^[22m[39m[31m[1m^[22m[39m[31m[1m^[22m[39m[31m[1m^[22m[39m[31m[1m^[22m[39m[31m[1m^[22m[39m[31m[1m^[22m[39m[31m[1m^[22m[39m[31m[1m^[22m[39m[31m[1m^[22m[39m[31m[1m^[22m[39m[31m[1m^[22m[39m[31m[1m^[22m[39m[31m[1m^[22m[39m[31m[1m^[22m[39m[31m[1m^[22m[39m[31m[1m^[22m[39m[31m[1m^[22m[39m[31m[1m^[22m[39m[31m[1m^[22m[39m[31m[1m^[22m[39m[31m[1m^[22m[39m[31m[1m^[22m[39m[31m[1m^[22m[39m[31m[1m^[22m[39m[31m[1m^[22m[39m[31m[1m^[22m[39m[31m[1m^[22m[39m[31m[1m^[22m[39m[31m[1m^[22m[39m[31m[1m^[22m[39m[31m[1m^[22m[39m[31m[1m^[22m[39m[31m[1m^[22m[39m[31m[1m^[22m[39m[31m[1m^[22m[39m[31m[1m^[22m[39m[31m[1m^[22m[39m[31m[1m^[22m[39m
 [90m  8 |[39m
 [90m  9 |[39m type [33mEquipmentScreenProps[39m [33m=[39m {
 [90m 10 |[39m   environments[33m:[39m [33mEnvironment[39m[][33m;[39m[0m



Import traces:
  Client Component Browser:
    ./apps/web/src/features/onboarding/ui/screens/EquipmentScreen.tsx [Client Component Browser]
    ./apps/web/src/features/onboarding/ui/OnboardingFlow.tsx [Client Component Browser]
    ./apps/web/src/features/onboarding/ui/OnboardingRoute.tsx [Client Component Browser]
    ./apps/web/src/features/onboarding/ui/OnboardingRoute.tsx [Server Component]
    ./apps/web/app/onboarding/page.tsx [Server Component]

  Client Component SSR:
    ./apps/web/src/features/onboarding/ui/screens/EquipmentScreen.tsx [Client Component SSR]
    ./apps/web/src/features/onboarding/ui/OnboardingFlow.tsx [Client Component SSR]
    ./apps/web/src/features/onboarding/ui/OnboardingRoute.tsx [Client Component SSR]
    ./apps/web/src/features/onboarding/ui/OnboardingRoute.tsx [Server Component]
    ./apps/web/app/onboarding/page.tsx [Server Component]

https://nextjs.org/docs/messages/module-not-found


 ⨯ ./apps/web/src/features/onboarding/ui/screens/EquipmentScreen.tsx:7:1
Module not found: Can't resolve './EquipmentScreen.module.css'
[0m [90m  5 |[39m [36mimport[39m { [33mENVIRONMENT_OPTIONS[39m[33m,[39m [33mEQUIPMENT_OPTIONS[39m } [36mfrom[39m [32m"../../presentation/constants"[39m[33m;[39m
 [90m  6 |[39m [36mimport[39m type { [33mEnvironment[39m[33m,[39m [33mEquipmentCategory[39m[33m,[39m [33mEnvironmentKind[39m } [36mfrom[39m [32m"../../presentation/types"[39m[33m;[39m
[31m[1m>[22m[39m[90m  7 |[39m [36mimport[39m styles [36mfrom[39m [32m"./EquipmentScreen.module.css"[39m[33m;[39m
 [90m    |[39m [31m[1m^[22m[39m[31m[1m^[22m[39m[31m[1m^[22m[39m[31m[1m^[22m[39m[31m[1m^[22m[39m[31m[1m^[22m[39m[31m[1m^[22m[39m[31m[1m^[22m[39m[31m[1m^[22m[39m[31m[1m^[22m[39m[31m[1m^[22m[39m[31m[1m^[22m[39m[31m[1m^[22m[39m[31m[1m^[22m[39m[31m[1m^[22m[39m[31m[1m^[22m[39m[31m[1m^[22m[39m[31m[1m^[22m[39m[31m[1m^[22m[39m[31m[1m^[22m[39m[31m[1m^[22m[39m[31m[1m^[22m[39m[31m[1m^[22m[39m[31m[1m^[22m[39m[31m[1m^[22m[39m[31m[1m^[22m[39m[31m[1m^[22m[39m[31m[1m^[22m[39m[31m[1m^[22m[39m[31m[1m^[22m[39m[31m[1m^[22m[39m[31m[1m^[22m[39m[31m[1m^[22m[39m[31m[1m^[22m[39m[31m[1m^[22m[39m[31m[1m^[22m[39m[31m[1m^[22m[39m[31m[1m^[22m[39m[31m[1m^[22m[39m[31m[1m^[22m[39m[31m[1m^[22m[39m[31m[1m^[22m[39m[31m[1m^[22m[39m[31m[1m^[22m[39m[31m[1m^[22m[39m[31m[1m^[22m[39m[31m[1m^[22m[39m[31m[1m^[22m[39m[31m[1m^[22m[39m[31m[1m^[22m[39m
 [90m  8 |[39m
 [90m  9 |[39m type [33mEquipmentScreenProps[39m [33m=[39m {
 [90m 10 |[39m   environments[33m:[39m [33mEnvironment[39m[][33m;[39m[0m



Import traces:
  Client Component Browser:
    ./apps/web/src/features/onboarding/ui/screens/EquipmentScreen.tsx [Client Component Browser]
    ./apps/web/src/features/onboarding/ui/OnboardingFlow.tsx [Client Component Browser]
    ./apps/web/src/features/onboarding/ui/OnboardingRoute.tsx [Client Component Browser]
    ./apps/web/src/features/onboarding/ui/OnboardingRoute.tsx [Server Component]
    ./apps/web/app/onboarding/page.tsx [Server Component]

  Client Component SSR:
    ./apps/web/src/features/onboarding/ui/screens/EquipmentScreen.tsx [Client Component SSR]
    ./apps/web/src/features/onboarding/ui/OnboardingFlow.tsx [Client Component SSR]
    ./apps/web/src/features/onboarding/ui/OnboardingRoute.tsx [Client Component SSR]
    ./apps/web/src/features/onboarding/ui/OnboardingRoute.tsx [Server Component]
    ./apps/web/app/onboarding/page.tsx [Server Component]

https://nextjs.org/docs/messages/module-not-found


 ⨯ ./apps/web/src/features/onboarding/ui/screens/EquipmentScreen.tsx:7:1
Module not found: Can't resolve './EquipmentScreen.module.css'
[0m [90m  5 |[39m [36mimport[39m { [33mENVIRONMENT_OPTIONS[39m[33m,[39m [33mEQUIPMENT_OPTIONS[39m } [36mfrom[39m [32m"../../presentation/constants"[39m[33m;[39m
 [90m  6 |[39m [36mimport[39m type { [33mEnvironment[39m[33m,[39m [33mEquipmentCategory[39m[33m,[39m [33mEnvironmentKind[39m } [36mfrom[39m [32m"../../presentation/types"[39m[33m;[39m
[31m[1m>[22m[39m[90m  7 |[39m [36mimport[39m styles [36mfrom[39m [32m"./EquipmentScreen.module.css"[39m[33m;[39m
 [90m    |[39m [31m[1m^[22m[39m[31m[1m^[22m[39m[31m[1m^[22m[39m[31m[1m^[22m[39m[31m[1m^[22m[39m[31m[1m^[22m[39m[31m[1m^[22m[39m[31m[1m^[22m[39m[31m[1m^[22m[39m[31m[1m^[22m[39m[31m[1m^[22m[39m[31m[1m^[22m[39m[31m[1m^[22m[39m[31m[1m^[22m[39m[31m[1m^[22m[39m[31m[1m^[22m[39m[31m[1m^[22m[39m[31m[1m^[22m[39m[31m[1m^[22m[39m[31m[1m^[22m[39m[31m[1m^[22m[39m[31m[1m^[22m[39m[31m[1m^[22m[39m[31m[1m^[22m[39m[31m[1m^[22m[39m[31m[1m^[22m[39m[31m[1m^[22m[39m[31m[1m^[22m[39m[31m[1m^[22m[39m[31m[1m^[22m[39m[31m[1m^[22m[39m[31m[1m^[22m[39m[31m[1m^[22m[39m[31m[1m^[22m[39m[31m[1m^[22m[39m[31m[1m^[22m[39m[31m[1m^[22m[39m[31m[1m^[22m[39m[31m[1m^[22m[39m[31m[1m^[22m[39m[31m[1m^[22m[39m[31m[1m^[22m[39m[31m[1m^[22m[39m[31m[1m^[22m[39m[31m[1m^[22m[39m[31m[1m^[22m[39m[31m[1m^[22m[39m[31m[1m^[22m[39m[31m[1m^[22m[39m[31m[1m^[22m[39m
 [90m  8 |[39m
 [90m  9 |[39m type [33mEquipmentScreenProps[39m [33m=[39m {
 [90m 10 |[39m   environments[33m:[39m [33mEnvironment[39m[][33m;[39m[0m



Import traces:
  Client Component Browser:
    ./apps/web/src/features/onboarding/ui/screens/EquipmentScreen.tsx [Client Component Browser]
    ./apps/web/src/features/onboarding/ui/OnboardingFlow.tsx [Client Component Browser]
    ./apps/web/src/features/onboarding/ui/OnboardingRoute.tsx [Client Component Browser]
    ./apps/web/src/features/onboarding/ui/OnboardingRoute.tsx [Server Component]
    ./apps/web/app/onboarding/page.tsx [Server Component]

  Client Component SSR:
    ./apps/web/src/features/onboarding/ui/screens/EquipmentScreen.tsx [Client Component SSR]
    ./apps/web/src/features/onboarding/ui/OnboardingFlow.tsx [Client Component SSR]
    ./apps/web/src/features/onboarding/ui/OnboardingRoute.tsx [Client Component SSR]
    ./apps/web/src/features/onboarding/ui/OnboardingRoute.tsx [Server Component]
    ./apps/web/app/onboarding/page.tsx [Server Component]

https://nextjs.org/docs/messages/module-not-found


 ⨯ ./apps/web/src/features/onboarding/ui/screens/EquipmentScreen.tsx:7:1
Module not found: Can't resolve './EquipmentScreen.module.css'
[0m [90m  5 |[39m [36mimport[39m { [33mENVIRONMENT_OPTIONS[39m[33m,[39m [33mEQUIPMENT_OPTIONS[39m } [36mfrom[39m [32m"../../presentation/constants"[39m[33m;[39m
 [90m  6 |[39m [36mimport[39m type { [33mEnvironment[39m[33m,[39m [33mEquipmentCategory[39m[33m,[39m [33mEnvironmentKind[39m } [36mfrom[39m [32m"../../presentation/types"[39m[33m;[39m
[31m[1m>[22m[39m[90m  7 |[39m [36mimport[39m styles [36mfrom[39m [32m"./EquipmentScreen.module.css"[39m[33m;[39m
 [90m    |[39m [31m[1m^[22m[39m[31m[1m^[22m[39m[31m[1m^[22m[39m[31m[1m^[22m[39m[31m[1m^[22m[39m[31m[1m^[22m[39m[31m[1m^[22m[39m[31m[1m^[22m[39m[31m[1m^[22m[39m[31m[1m^[22m[39m[31m[1m^[22m[39m[31m[1m^[22m[39m[31m[1m^[22m[39m[31m[1m^[22m[39m[31m[1m^[22m[39m[31m[1m^[22m[39m[31m[1m^[22m[39m[31m[1m^[22m[39m[31m[1m^[22m[39m[31m[1m^[22m[39m[31m[1m^[22m[39m[31m[1m^[22m[39m[31m[1m^[22m[39m[31m[1m^[22m[39m[31m[1m^[22m[39m[31m[1m^[22m[39m[31m[1m^[22m[39m[31m[1m^[22m[39m[31m[1m^[22m[39m[31m[1m^[22m[39m[31m[1m^[22m[39m[31m[1m^[22m[39m[31m[1m^[22m[39m[31m[1m^[22m[39m[31m[1m^[22m[39m[31m[1m^[22m[39m[31m[1m^[22m[39m[31m[1m^[22m[39m[31m[1m^[22m[39m[31m[1m^[22m[39m[31m[1m^[22m[39m[31m[1m^[22m[39m[31m[1m^[22m[39m[31m[1m^[22m[39m[31m[1m^[22m[39m[31m[1m^[22m[39m[31m[1m^[22m[39m[31m[1m^[22m[39m[31m[1m^[22m[39m[31m[1m^[22m[39m
 [90m  8 |[39m
 [90m  9 |[39m type [33mEquipmentScreenProps[39m [33m=[39m {
 [90m 10 |[39m   environments[33m:[39m [33mEnvironment[39m[][33m;[39m[0m



Import traces:
  Client Component Browser:
    ./apps/web/src/features/onboarding/ui/screens/EquipmentScreen.tsx [Client Component Browser]
    ./apps/web/src/features/onboarding/ui/OnboardingFlow.tsx [Client Component Browser]
    ./apps/web/src/features/onboarding/ui/OnboardingRoute.tsx [Client Component Browser]
    ./apps/web/src/features/onboarding/ui/OnboardingRoute.tsx [Server Component]
    ./apps/web/app/onboarding/page.tsx [Server Component]

  Client Component SSR:
    ./apps/web/src/features/onboarding/ui/screens/EquipmentScreen.tsx [Client Component SSR]
    ./apps/web/src/features/onboarding/ui/OnboardingFlow.tsx [Client Component SSR]
    ./apps/web/src/features/onboarding/ui/OnboardingRoute.tsx [Client Component SSR]
    ./apps/web/src/features/onboarding/ui/OnboardingRoute.tsx [Server Component]
    ./apps/web/app/onboarding/page.tsx [Server Component]

https://nextjs.org/docs/messages/module-not-found


 ✓ Compiled in 76ms
 ✓ Compiled in 87ms
 ✓ Compiled /onboarding in 59ms
 GET /onboarding 200 in 250ms
 ✓ Compiled in 16ms
 ⨯ ./apps/web/src/features/onboarding/ui/screens/FocusDiscomfortScreen.tsx:8:1
Module not found: Can't resolve './FocusDiscomfortScreen.module.css'
[0m [90m  6 |[39m [36mimport[39m type { [33mCSSProperties[39m } [36mfrom[39m [32m"react"[39m[33m;[39m
 [90m  7 |[39m [36mimport[39m type { [33mDiscomfort[39m[33m,[39m [33mDiscomfortZone[39m[33m,[39m [33mMuscleFocus[39m } [36mfrom[39m [32m"../../presentation/types"[39m[33m;[39m
[31m[1m>[22m[39m[90m  8 |[39m [36mimport[39m styles [36mfrom[39m [32m"./FocusDiscomfortScreen.module.css"[39m[33m;[39m
 [90m    |[39m [31m[1m^[22m[39m[31m[1m^[22m[39m[31m[1m^[22m[39m[31m[1m^[22m[39m[31m[1m^[22m[39m[31m[1m^[22m[39m[31m[1m^[22m[39m[31m[1m^[22m[39m[31m[1m^[22m[39m[31m[1m^[22m[39m[31m[1m^[22m[39m[31m[1m^[22m[39m[31m[1m^[22m[39m[31m[1m^[22m[39m[31m[1m^[22m[39m[31m[1m^[22m[39m[31m[1m^[22m[39m[31m[1m^[22m[39m[31m[1m^[22m[39m[31m[1m^[22m[39m[31m[1m^[22m[39m[31m[1m^[22m[39m[31m[1m^[22m[39m[31m[1m^[22m[39m[31m[1m^[22m[39m[31m[1m^[22m[39m[31m[1m^[22m[39m[31m[1m^[22m[39m[31m[1m^[22m[39m[31m[1m^[22m[39m[31m[1m^[22m[39m[31m[1m^[22m[39m[31m[1m^[22m[39m[31m[1m^[22m[39m[31m[1m^[22m[39m[31m[1m^[22m[39m[31m[1m^[22m[39m[31m[1m^[22m[39m[31m[1m^[22m[39m[31m[1m^[22m[39m[31m[1m^[22m[39m[31m[1m^[22m[39m[31m[1m^[22m[39m[31m[1m^[22m[39m[31m[1m^[22m[39m[31m[1m^[22m[39m[31m[1m^[22m[39m[31m[1m^[22m[39m[31m[1m^[22m[39m[31m[1m^[22m[39m[31m[1m^[22m[39m[31m[1m^[22m[39m[31m[1m^[22m[39m[31m[1m^[22m[39m[31m[1m^[22m[39m[31m[1m^[22m[39m
 [90m  9 |[39m
 [90m 10 |[39m type [33mFocusScreenProps[39m [33m=[39m { optionalMuscleFocus[33m:[39m [33mMuscleFocus[39m[][33m;[39m onToggleFocus[33m:[39m (focus[33m:[39m [33mMuscleFocus[39m) [33m=>[39m [36mvoid[39m }[33m;[39m
 [90m 11 |[39m[0m



Import traces:
  Client Component Browser:
    ./apps/web/src/features/onboarding/ui/screens/FocusDiscomfortScreen.tsx [Client Component Browser]
    ./apps/web/src/features/onboarding/ui/OnboardingFlow.tsx [Client Component Browser]
    ./apps/web/src/features/onboarding/ui/OnboardingRoute.tsx [Client Component Browser]
    ./apps/web/src/features/onboarding/ui/OnboardingRoute.tsx [Server Component]
    ./apps/web/app/onboarding/page.tsx [Server Component]

  Client Component SSR:
    ./apps/web/src/features/onboarding/ui/screens/FocusDiscomfortScreen.tsx [Client Component SSR]
    ./apps/web/src/features/onboarding/ui/OnboardingFlow.tsx [Client Component SSR]
    ./apps/web/src/features/onboarding/ui/OnboardingRoute.tsx [Client Component SSR]
    ./apps/web/src/features/onboarding/ui/OnboardingRoute.tsx [Server Component]
    ./apps/web/app/onboarding/page.tsx [Server Component]

https://nextjs.org/docs/messages/module-not-found


 ⨯ ./apps/web/src/features/onboarding/ui/screens/FocusDiscomfortScreen.tsx:8:1
Module not found: Can't resolve './FocusDiscomfortScreen.module.css'
[0m [90m  6 |[39m [36mimport[39m type { [33mCSSProperties[39m } [36mfrom[39m [32m"react"[39m[33m;[39m
 [90m  7 |[39m [36mimport[39m type { [33mDiscomfort[39m[33m,[39m [33mDiscomfortZone[39m[33m,[39m [33mMuscleFocus[39m } [36mfrom[39m [32m"../../presentation/types"[39m[33m;[39m
[31m[1m>[22m[39m[90m  8 |[39m [36mimport[39m styles [36mfrom[39m [32m"./FocusDiscomfortScreen.module.css"[39m[33m;[39m
 [90m    |[39m [31m[1m^[22m[39m[31m[1m^[22m[39m[31m[1m^[22m[39m[31m[1m^[22m[39m[31m[1m^[22m[39m[31m[1m^[22m[39m[31m[1m^[22m[39m[31m[1m^[22m[39m[31m[1m^[22m[39m[31m[1m^[22m[39m[31m[1m^[22m[39m[31m[1m^[22m[39m[31m[1m^[22m[39m[31m[1m^[22m[39m[31m[1m^[22m[39m[31m[1m^[22m[39m[31m[1m^[22m[39m[31m[1m^[22m[39m[31m[1m^[22m[39m[31m[1m^[22m[39m[31m[1m^[22m[39m[31m[1m^[22m[39m[31m[1m^[22m[39m[31m[1m^[22m[39m[31m[1m^[22m[39m[31m[1m^[22m[39m[31m[1m^[22m[39m[31m[1m^[22m[39m[31m[1m^[22m[39m[31m[1m^[22m[39m[31m[1m^[22m[39m[31m[1m^[22m[39m[31m[1m^[22m[39m[31m[1m^[22m[39m[31m[1m^[22m[39m[31m[1m^[22m[39m[31m[1m^[22m[39m[31m[1m^[22m[39m[31m[1m^[22m[39m[31m[1m^[22m[39m[31m[1m^[22m[39m[31m[1m^[22m[39m[31m[1m^[22m[39m[31m[1m^[22m[39m[31m[1m^[22m[39m[31m[1m^[22m[39m[31m[1m^[22m[39m[31m[1m^[22m[39m[31m[1m^[22m[39m[31m[1m^[22m[39m[31m[1m^[22m[39m[31m[1m^[22m[39m[31m[1m^[22m[39m[31m[1m^[22m[39m[31m[1m^[22m[39m[31m[1m^[22m[39m
 [90m  9 |[39m
 [90m 10 |[39m type [33mFocusScreenProps[39m [33m=[39m { optionalMuscleFocus[33m:[39m [33mMuscleFocus[39m[][33m;[39m onToggleFocus[33m:[39m (focus[33m:[39m [33mMuscleFocus[39m) [33m=>[39m [36mvoid[39m }[33m;[39m
 [90m 11 |[39m[0m



Import traces:
  Client Component Browser:
    ./apps/web/src/features/onboarding/ui/screens/FocusDiscomfortScreen.tsx [Client Component Browser]
    ./apps/web/src/features/onboarding/ui/OnboardingFlow.tsx [Client Component Browser]
    ./apps/web/src/features/onboarding/ui/OnboardingRoute.tsx [Client Component Browser]
    ./apps/web/src/features/onboarding/ui/OnboardingRoute.tsx [Server Component]
    ./apps/web/app/onboarding/page.tsx [Server Component]

  Client Component SSR:
    ./apps/web/src/features/onboarding/ui/screens/FocusDiscomfortScreen.tsx [Client Component SSR]
    ./apps/web/src/features/onboarding/ui/OnboardingFlow.tsx [Client Component SSR]
    ./apps/web/src/features/onboarding/ui/OnboardingRoute.tsx [Client Component SSR]
    ./apps/web/src/features/onboarding/ui/OnboardingRoute.tsx [Server Component]
    ./apps/web/app/onboarding/page.tsx [Server Component]

https://nextjs.org/docs/messages/module-not-found


 ⨯ ./apps/web/src/features/onboarding/ui/screens/FocusDiscomfortScreen.tsx:8:1
Module not found: Can't resolve './FocusDiscomfortScreen.module.css'
[0m [90m  6 |[39m [36mimport[39m type { [33mCSSProperties[39m } [36mfrom[39m [32m"react"[39m[33m;[39m
 [90m  7 |[39m [36mimport[39m type { [33mDiscomfort[39m[33m,[39m [33mDiscomfortZone[39m[33m,[39m [33mMuscleFocus[39m } [36mfrom[39m [32m"../../presentation/types"[39m[33m;[39m
[31m[1m>[22m[39m[90m  8 |[39m [36mimport[39m styles [36mfrom[39m [32m"./FocusDiscomfortScreen.module.css"[39m[33m;[39m
 [90m    |[39m [31m[1m^[22m[39m[31m[1m^[22m[39m[31m[1m^[22m[39m[31m[1m^[22m[39m[31m[1m^[22m[39m[31m[1m^[22m[39m[31m[1m^[22m[39m[31m[1m^[22m[39m[31m[1m^[22m[39m[31m[1m^[22m[39m[31m[1m^[22m[39m[31m[1m^[22m[39m[31m[1m^[22m[39m[31m[1m^[22m[39m[31m[1m^[22m[39m[31m[1m^[22m[39m[31m[1m^[22m[39m[31m[1m^[22m[39m[31m[1m^[22m[39m[31m[1m^[22m[39m[31m[1m^[22m[39m[31m[1m^[22m[39m[31m[1m^[22m[39m[31m[1m^[22m[39m[31m[1m^[22m[39m[31m[1m^[22m[39m[31m[1m^[22m[39m[31m[1m^[22m[39m[31m[1m^[22m[39m[31m[1m^[22m[39m[31m[1m^[22m[39m[31m[1m^[22m[39m[31m[1m^[22m[39m[31m[1m^[22m[39m[31m[1m^[22m[39m[31m[1m^[22m[39m[31m[1m^[22m[39m[31m[1m^[22m[39m[31m[1m^[22m[39m[31m[1m^[22m[39m[31m[1m^[22m[39m[31m[1m^[22m[39m[31m[1m^[22m[39m[31m[1m^[22m[39m[31m[1m^[22m[39m[31m[1m^[22m[39m[31m[1m^[22m[39m[31m[1m^[22m[39m[31m[1m^[22m[39m[31m[1m^[22m[39m[31m[1m^[22m[39m[31m[1m^[22m[39m[31m[1m^[22m[39m[31m[1m^[22m[39m[31m[1m^[22m[39m[31m[1m^[22m[39m
 [90m  9 |[39m
 [90m 10 |[39m type [33mFocusScreenProps[39m [33m=[39m { optionalMuscleFocus[33m:[39m [33mMuscleFocus[39m[][33m;[39m onToggleFocus[33m:[39m (focus[33m:[39m [33mMuscleFocus[39m) [33m=>[39m [36mvoid[39m }[33m;[39m
 [90m 11 |[39m[0m



Import traces:
  Client Component Browser:
    ./apps/web/src/features/onboarding/ui/screens/FocusDiscomfortScreen.tsx [Client Component Browser]
    ./apps/web/src/features/onboarding/ui/OnboardingFlow.tsx [Client Component Browser]
    ./apps/web/src/features/onboarding/ui/OnboardingRoute.tsx [Client Component Browser]
    ./apps/web/src/features/onboarding/ui/OnboardingRoute.tsx [Server Component]
    ./apps/web/app/onboarding/page.tsx [Server Component]

  Client Component SSR:
    ./apps/web/src/features/onboarding/ui/screens/FocusDiscomfortScreen.tsx [Client Component SSR]
    ./apps/web/src/features/onboarding/ui/OnboardingFlow.tsx [Client Component SSR]
    ./apps/web/src/features/onboarding/ui/OnboardingRoute.tsx [Client Component SSR]
    ./apps/web/src/features/onboarding/ui/OnboardingRoute.tsx [Server Component]
    ./apps/web/app/onboarding/page.tsx [Server Component]

https://nextjs.org/docs/messages/module-not-found


 ⨯ ./apps/web/src/features/onboarding/ui/screens/FocusDiscomfortScreen.tsx:8:1
Module not found: Can't resolve './FocusDiscomfortScreen.module.css'
[0m [90m  6 |[39m [36mimport[39m type { [33mCSSProperties[39m } [36mfrom[39m [32m"react"[39m[33m;[39m
 [90m  7 |[39m [36mimport[39m type { [33mDiscomfort[39m[33m,[39m [33mDiscomfortZone[39m[33m,[39m [33mMuscleFocus[39m } [36mfrom[39m [32m"../../presentation/types"[39m[33m;[39m
[31m[1m>[22m[39m[90m  8 |[39m [36mimport[39m styles [36mfrom[39m [32m"./FocusDiscomfortScreen.module.css"[39m[33m;[39m
 [90m    |[39m [31m[1m^[22m[39m[31m[1m^[22m[39m[31m[1m^[22m[39m[31m[1m^[22m[39m[31m[1m^[22m[39m[31m[1m^[22m[39m[31m[1m^[22m[39m[31m[1m^[22m[39m[31m[1m^[22m[39m[31m[1m^[22m[39m[31m[1m^[22m[39m[31m[1m^[22m[39m[31m[1m^[22m[39m[31m[1m^[22m[39m[31m[1m^[22m[39m[31m[1m^[22m[39m[31m[1m^[22m[39m[31m[1m^[22m[39m[31m[1m^[22m[39m[31m[1m^[22m[39m[31m[1m^[22m[39m[31m[1m^[22m[39m[31m[1m^[22m[39m[31m[1m^[22m[39m[31m[1m^[22m[39m[31m[1m^[22m[39m[31m[1m^[22m[39m[31m[1m^[22m[39m[31m[1m^[22m[39m[31m[1m^[22m[39m[31m[1m^[22m[39m[31m[1m^[22m[39m[31m[1m^[22m[39m[31m[1m^[22m[39m[31m[1m^[22m[39m[31m[1m^[22m[39m[31m[1m^[22m[39m[31m[1m^[22m[39m[31m[1m^[22m[39m[31m[1m^[22m[39m[31m[1m^[22m[39m[31m[1m^[22m[39m[31m[1m^[22m[39m[31m[1m^[22m[39m[31m[1m^[22m[39m[31m[1m^[22m[39m[31m[1m^[22m[39m[31m[1m^[22m[39m[31m[1m^[22m[39m[31m[1m^[22m[39m[31m[1m^[22m[39m[31m[1m^[22m[39m[31m[1m^[22m[39m[31m[1m^[22m[39m[31m[1m^[22m[39m[31m[1m^[22m[39m
 [90m  9 |[39m
 [90m 10 |[39m type [33mFocusScreenProps[39m [33m=[39m { optionalMuscleFocus[33m:[39m [33mMuscleFocus[39m[][33m;[39m onToggleFocus[33m:[39m (focus[33m:[39m [33mMuscleFocus[39m) [33m=>[39m [36mvoid[39m }[33m;[39m
 [90m 11 |[39m[0m



Import traces:
  Client Component Browser:
    ./apps/web/src/features/onboarding/ui/screens/FocusDiscomfortScreen.tsx [Client Component Browser]
    ./apps/web/src/features/onboarding/ui/OnboardingFlow.tsx [Client Component Browser]
    ./apps/web/src/features/onboarding/ui/OnboardingRoute.tsx [Client Component Browser]
    ./apps/web/src/features/onboarding/ui/OnboardingRoute.tsx [Server Component]
    ./apps/web/app/onboarding/page.tsx [Server Component]

  Client Component SSR:
    ./apps/web/src/features/onboarding/ui/screens/FocusDiscomfortScreen.tsx [Client Component SSR]
    ./apps/web/src/features/onboarding/ui/OnboardingFlow.tsx [Client Component SSR]
    ./apps/web/src/features/onboarding/ui/OnboardingRoute.tsx [Client Component SSR]
    ./apps/web/src/features/onboarding/ui/OnboardingRoute.tsx [Server Component]
    ./apps/web/app/onboarding/page.tsx [Server Component]

https://nextjs.org/docs/messages/module-not-found


 ⨯ ./apps/web/src/features/onboarding/ui/screens/FocusDiscomfortScreen.tsx:8:1
Module not found: Can't resolve './FocusDiscomfortScreen.module.css'
[0m [90m  6 |[39m [36mimport[39m type { [33mCSSProperties[39m } [36mfrom[39m [32m"react"[39m[33m;[39m
 [90m  7 |[39m [36mimport[39m type { [33mDiscomfort[39m[33m,[39m [33mDiscomfortZone[39m[33m,[39m [33mMuscleFocus[39m } [36mfrom[39m [32m"../../presentation/types"[39m[33m;[39m
[31m[1m>[22m[39m[90m  8 |[39m [36mimport[39m styles [36mfrom[39m [32m"./FocusDiscomfortScreen.module.css"[39m[33m;[39m
 [90m    |[39m [31m[1m^[22m[39m[31m[1m^[22m[39m[31m[1m^[22m[39m[31m[1m^[22m[39m[31m[1m^[22m[39m[31m[1m^[22m[39m[31m[1m^[22m[39m[31m[1m^[22m[39m[31m[1m^[22m[39m[31m[1m^[22m[39m[31m[1m^[22m[39m[31m[1m^[22m[39m[31m[1m^[22m[39m[31m[1m^[22m[39m[31m[1m^[22m[39m[31m[1m^[22m[39m[31m[1m^[22m[39m[31m[1m^[22m[39m[31m[1m^[22m[39m[31m[1m^[22m[39m[31m[1m^[22m[39m[31m[1m^[22m[39m[31m[1m^[22m[39m[31m[1m^[22m[39m[31m[1m^[22m[39m[31m[1m^[22m[39m[31m[1m^[22m[39m[31m[1m^[22m[39m[31m[1m^[22m[39m[31m[1m^[22m[39m[31m[1m^[22m[39m[31m[1m^[22m[39m[31m[1m^[22m[39m[31m[1m^[22m[39m[31m[1m^[22m[39m[31m[1m^[22m[39m[31m[1m^[22m[39m[31m[1m^[22m[39m[31m[1m^[22m[39m[31m[1m^[22m[39m[31m[1m^[22m[39m[31m[1m^[22m[39m[31m[1m^[22m[39m[31m[1m^[22m[39m[31m[1m^[22m[39m[31m[1m^[22m[39m[31m[1m^[22m[39m[31m[1m^[22m[39m[31m[1m^[22m[39m[31m[1m^[22m[39m[31m[1m^[22m[39m[31m[1m^[22m[39m[31m[1m^[22m[39m[31m[1m^[22m[39m[31m[1m^[22m[39m[31m[1m^[22m[39m
 [90m  9 |[39m
 [90m 10 |[39m type [33mFocusScreenProps[39m [33m=[39m { optionalMuscleFocus[33m:[39m [33mMuscleFocus[39m[][33m;[39m onToggleFocus[33m:[39m (focus[33m:[39m [33mMuscleFocus[39m) [33m=>[39m [36mvoid[39m }[33m;[39m
 [90m 11 |[39m[0m



Import traces:
  Client Component Browser:
    ./apps/web/src/features/onboarding/ui/screens/FocusDiscomfortScreen.tsx [Client Component Browser]
    ./apps/web/src/features/onboarding/ui/OnboardingFlow.tsx [Client Component Browser]
    ./apps/web/src/features/onboarding/ui/OnboardingRoute.tsx [Client Component Browser]
    ./apps/web/src/features/onboarding/ui/OnboardingRoute.tsx [Server Component]
    ./apps/web/app/onboarding/page.tsx [Server Component]

  Client Component SSR:
    ./apps/web/src/features/onboarding/ui/screens/FocusDiscomfortScreen.tsx [Client Component SSR]
    ./apps/web/src/features/onboarding/ui/OnboardingFlow.tsx [Client Component SSR]
    ./apps/web/src/features/onboarding/ui/OnboardingRoute.tsx [Client Component SSR]
    ./apps/web/src/features/onboarding/ui/OnboardingRoute.tsx [Server Component]
    ./apps/web/app/onboarding/page.tsx [Server Component]

https://nextjs.org/docs/messages/module-not-found


 ⨯ ./apps/web/src/features/onboarding/ui/screens/FocusDiscomfortScreen.tsx:8:1
Module not found: Can't resolve './FocusDiscomfortScreen.module.css'
[0m [90m  6 |[39m [36mimport[39m type { [33mCSSProperties[39m } [36mfrom[39m [32m"react"[39m[33m;[39m
 [90m  7 |[39m [36mimport[39m type { [33mDiscomfort[39m[33m,[39m [33mDiscomfortZone[39m[33m,[39m [33mMuscleFocus[39m } [36mfrom[39m [32m"../../presentation/types"[39m[33m;[39m
[31m[1m>[22m[39m[90m  8 |[39m [36mimport[39m styles [36mfrom[39m [32m"./FocusDiscomfortScreen.module.css"[39m[33m;[39m
 [90m    |[39m [31m[1m^[22m[39m[31m[1m^[22m[39m[31m[1m^[22m[39m[31m[1m^[22m[39m[31m[1m^[22m[39m[31m[1m^[22m[39m[31m[1m^[22m[39m[31m[1m^[22m[39m[31m[1m^[22m[39m[31m[1m^[22m[39m[31m[1m^[22m[39m[31m[1m^[22m[39m[31m[1m^[22m[39m[31m[1m^[22m[39m[31m[1m^[22m[39m[31m[1m^[22m[39m[31m[1m^[22m[39m[31m[1m^[22m[39m[31m[1m^[22m[39m[31m[1m^[22m[39m[31m[1m^[22m[39m[31m[1m^[22m[39m[31m[1m^[22m[39m[31m[1m^[22m[39m[31m[1m^[22m[39m[31m[1m^[22m[39m[31m[1m^[22m[39m[31m[1m^[22m[39m[31m[1m^[22m[39m[31m[1m^[22m[39m[31m[1m^[22m[39m[31m[1m^[22m[39m[31m[1m^[22m[39m[31m[1m^[22m[39m[31m[1m^[22m[39m[31m[1m^[22m[39m[31m[1m^[22m[39m[31m[1m^[22m[39m[31m[1m^[22m[39m[31m[1m^[22m[39m[31m[1m^[22m[39m[31m[1m^[22m[39m[31m[1m^[22m[39m[31m[1m^[22m[39m[31m[1m^[22m[39m[31m[1m^[22m[39m[31m[1m^[22m[39m[31m[1m^[22m[39m[31m[1m^[22m[39m[31m[1m^[22m[39m[31m[1m^[22m[39m[31m[1m^[22m[39m[31m[1m^[22m[39m[31m[1m^[22m[39m[31m[1m^[22m[39m[31m[1m^[22m[39m
 [90m  9 |[39m
 [90m 10 |[39m type [33mFocusScreenProps[39m [33m=[39m { optionalMuscleFocus[33m:[39m [33mMuscleFocus[39m[][33m;[39m onToggleFocus[33m:[39m (focus[33m:[39m [33mMuscleFocus[39m) [33m=>[39m [36mvoid[39m }[33m;[39m
 [90m 11 |[39m[0m



Import traces:
  Client Component Browser:
    ./apps/web/src/features/onboarding/ui/screens/FocusDiscomfortScreen.tsx [Client Component Browser]
    ./apps/web/src/features/onboarding/ui/OnboardingFlow.tsx [Client Component Browser]
    ./apps/web/src/features/onboarding/ui/OnboardingRoute.tsx [Client Component Browser]
    ./apps/web/src/features/onboarding/ui/OnboardingRoute.tsx [Server Component]
    ./apps/web/app/onboarding/page.tsx [Server Component]

  Client Component SSR:
    ./apps/web/src/features/onboarding/ui/screens/FocusDiscomfortScreen.tsx [Client Component SSR]
    ./apps/web/src/features/onboarding/ui/OnboardingFlow.tsx [Client Component SSR]
    ./apps/web/src/features/onboarding/ui/OnboardingRoute.tsx [Client Component SSR]
    ./apps/web/src/features/onboarding/ui/OnboardingRoute.tsx [Server Component]
    ./apps/web/app/onboarding/page.tsx [Server Component]

https://nextjs.org/docs/messages/module-not-found


 ⨯ ./apps/web/src/features/onboarding/ui/screens/FocusDiscomfortScreen.tsx:8:1
Module not found: Can't resolve './FocusDiscomfortScreen.module.css'
[0m [90m  6 |[39m [36mimport[39m type { [33mCSSProperties[39m } [36mfrom[39m [32m"react"[39m[33m;[39m
 [90m  7 |[39m [36mimport[39m type { [33mDiscomfort[39m[33m,[39m [33mDiscomfortZone[39m[33m,[39m [33mMuscleFocus[39m } [36mfrom[39m [32m"../../presentation/types"[39m[33m;[39m
[31m[1m>[22m[39m[90m  8 |[39m [36mimport[39m styles [36mfrom[39m [32m"./FocusDiscomfortScreen.module.css"[39m[33m;[39m
 [90m    |[39m [31m[1m^[22m[39m[31m[1m^[22m[39m[31m[1m^[22m[39m[31m[1m^[22m[39m[31m[1m^[22m[39m[31m[1m^[22m[39m[31m[1m^[22m[39m[31m[1m^[22m[39m[31m[1m^[22m[39m[31m[1m^[22m[39m[31m[1m^[22m[39m[31m[1m^[22m[39m[31m[1m^[22m[39m[31m[1m^[22m[39m[31m[1m^[22m[39m[31m[1m^[22m[39m[31m[1m^[22m[39m[31m[1m^[22m[39m[31m[1m^[22m[39m[31m[1m^[22m[39m[31m[1m^[22m[39m[31m[1m^[22m[39m[31m[1m^[22m[39m[31m[1m^[22m[39m[31m[1m^[22m[39m[31m[1m^[22m[39m[31m[1m^[22m[39m[31m[1m^[22m[39m[31m[1m^[22m[39m[31m[1m^[22m[39m[31m[1m^[22m[39m[31m[1m^[22m[39m[31m[1m^[22m[39m[31m[1m^[22m[39m[31m[1m^[22m[39m[31m[1m^[22m[39m[31m[1m^[22m[39m[31m[1m^[22m[39m[31m[1m^[22m[39m[31m[1m^[22m[39m[31m[1m^[22m[39m[31m[1m^[22m[39m[31m[1m^[22m[39m[31m[1m^[22m[39m[31m[1m^[22m[39m[31m[1m^[22m[39m[31m[1m^[22m[39m[31m[1m^[22m[39m[31m[1m^[22m[39m[31m[1m^[22m[39m[31m[1m^[22m[39m[31m[1m^[22m[39m[31m[1m^[22m[39m[31m[1m^[22m[39m[31m[1m^[22m[39m[31m[1m^[22m[39m
 [90m  9 |[39m
 [90m 10 |[39m type [33mFocusScreenProps[39m [33m=[39m { optionalMuscleFocus[33m:[39m [33mMuscleFocus[39m[][33m;[39m onToggleFocus[33m:[39m (focus[33m:[39m [33mMuscleFocus[39m) [33m=>[39m [36mvoid[39m }[33m;[39m
 [90m 11 |[39m[0m



Import traces:
  Client Component Browser:
    ./apps/web/src/features/onboarding/ui/screens/FocusDiscomfortScreen.tsx [Client Component Browser]
    ./apps/web/src/features/onboarding/ui/OnboardingFlow.tsx [Client Component Browser]
    ./apps/web/src/features/onboarding/ui/OnboardingRoute.tsx [Client Component Browser]
    ./apps/web/src/features/onboarding/ui/OnboardingRoute.tsx [Server Component]
    ./apps/web/app/onboarding/page.tsx [Server Component]

  Client Component SSR:
    ./apps/web/src/features/onboarding/ui/screens/FocusDiscomfortScreen.tsx [Client Component SSR]
    ./apps/web/src/features/onboarding/ui/OnboardingFlow.tsx [Client Component SSR]
    ./apps/web/src/features/onboarding/ui/OnboardingRoute.tsx [Client Component SSR]
    ./apps/web/src/features/onboarding/ui/OnboardingRoute.tsx [Server Component]
    ./apps/web/app/onboarding/page.tsx [Server Component]

https://nextjs.org/docs/messages/module-not-found


 ⨯ ./apps/web/src/features/onboarding/ui/screens/FocusDiscomfortScreen.tsx:8:1
Module not found: Can't resolve './FocusDiscomfortScreen.module.css'
[0m [90m  6 |[39m [36mimport[39m type { [33mCSSProperties[39m } [36mfrom[39m [32m"react"[39m[33m;[39m
 [90m  7 |[39m [36mimport[39m type { [33mDiscomfort[39m[33m,[39m [33mDiscomfortZone[39m[33m,[39m [33mMuscleFocus[39m } [36mfrom[39m [32m"../../presentation/types"[39m[33m;[39m
[31m[1m>[22m[39m[90m  8 |[39m [36mimport[39m styles [36mfrom[39m [32m"./FocusDiscomfortScreen.module.css"[39m[33m;[39m
 [90m    |[39m [31m[1m^[22m[39m[31m[1m^[22m[39m[31m[1m^[22m[39m[31m[1m^[22m[39m[31m[1m^[22m[39m[31m[1m^[22m[39m[31m[1m^[22m[39m[31m[1m^[22m[39m[31m[1m^[22m[39m[31m[1m^[22m[39m[31m[1m^[22m[39m[31m[1m^[22m[39m[31m[1m^[22m[39m[31m[1m^[22m[39m[31m[1m^[22m[39m[31m[1m^[22m[39m[31m[1m^[22m[39m[31m[1m^[22m[39m[31m[1m^[22m[39m[31m[1m^[22m[39m[31m[1m^[22m[39m[31m[1m^[22m[39m[31m[1m^[22m[39m[31m[1m^[22m[39m[31m[1m^[22m[39m[31m[1m^[22m[39m[31m[1m^[22m[39m[31m[1m^[22m[39m[31m[1m^[22m[39m[31m[1m^[22m[39m[31m[1m^[22m[39m[31m[1m^[22m[39m[31m[1m^[22m[39m[31m[1m^[22m[39m[31m[1m^[22m[39m[31m[1m^[22m[39m[31m[1m^[22m[39m[31m[1m^[22m[39m[31m[1m^[22m[39m[31m[1m^[22m[39m[31m[1m^[22m[39m[31m[1m^[22m[39m[31m[1m^[22m[39m[31m[1m^[22m[39m[31m[1m^[22m[39m[31m[1m^[22m[39m[31m[1m^[22m[39m[31m[1m^[22m[39m[31m[1m^[22m[39m[31m[1m^[22m[39m[31m[1m^[22m[39m[31m[1m^[22m[39m[31m[1m^[22m[39m[31m[1m^[22m[39m[31m[1m^[22m[39m[31m[1m^[22m[39m
 [90m  9 |[39m
 [90m 10 |[39m type [33mFocusScreenProps[39m [33m=[39m { optionalMuscleFocus[33m:[39m [33mMuscleFocus[39m[][33m;[39m onToggleFocus[33m:[39m (focus[33m:[39m [33mMuscleFocus[39m) [33m=>[39m [36mvoid[39m }[33m;[39m
 [90m 11 |[39m[0m



Import traces:
  Client Component Browser:
    ./apps/web/src/features/onboarding/ui/screens/FocusDiscomfortScreen.tsx [Client Component Browser]
    ./apps/web/src/features/onboarding/ui/OnboardingFlow.tsx [Client Component Browser]
    ./apps/web/src/features/onboarding/ui/OnboardingRoute.tsx [Client Component Browser]
    ./apps/web/src/features/onboarding/ui/OnboardingRoute.tsx [Server Component]
    ./apps/web/app/onboarding/page.tsx [Server Component]

  Client Component SSR:
    ./apps/web/src/features/onboarding/ui/screens/FocusDiscomfortScreen.tsx [Client Component SSR]
    ./apps/web/src/features/onboarding/ui/OnboardingFlow.tsx [Client Component SSR]
    ./apps/web/src/features/onboarding/ui/OnboardingRoute.tsx [Client Component SSR]
    ./apps/web/src/features/onboarding/ui/OnboardingRoute.tsx [Server Component]
    ./apps/web/app/onboarding/page.tsx [Server Component]

https://nextjs.org/docs/messages/module-not-found


 ⨯ ./apps/web/src/features/onboarding/ui/screens/FocusDiscomfortScreen.tsx:8:1
Module not found: Can't resolve './FocusDiscomfortScreen.module.css'
[0m [90m  6 |[39m [36mimport[39m type { [33mCSSProperties[39m } [36mfrom[39m [32m"react"[39m[33m;[39m
 [90m  7 |[39m [36mimport[39m type { [33mDiscomfort[39m[33m,[39m [33mDiscomfortZone[39m[33m,[39m [33mMuscleFocus[39m } [36mfrom[39m [32m"../../presentation/types"[39m[33m;[39m
[31m[1m>[22m[39m[90m  8 |[39m [36mimport[39m styles [36mfrom[39m [32m"./FocusDiscomfortScreen.module.css"[39m[33m;[39m
 [90m    |[39m [31m[1m^[22m[39m[31m[1m^[22m[39m[31m[1m^[22m[39m[31m[1m^[22m[39m[31m[1m^[22m[39m[31m[1m^[22m[39m[31m[1m^[22m[39m[31m[1m^[22m[39m[31m[1m^[22m[39m[31m[1m^[22m[39m[31m[1m^[22m[39m[31m[1m^[22m[39m[31m[1m^[22m[39m[31m[1m^[22m[39m[31m[1m^[22m[39m[31m[1m^[22m[39m[31m[1m^[22m[39m[31m[1m^[22m[39m[31m[1m^[22m[39m[31m[1m^[22m[39m[31m[1m^[22m[39m[31m[1m^[22m[39m[31m[1m^[22m[39m[31m[1m^[22m[39m[31m[1m^[22m[39m[31m[1m^[22m[39m[31m[1m^[22m[39m[31m[1m^[22m[39m[31m[1m^[22m[39m[31m[1m^[22m[39m[31m[1m^[22m[39m[31m[1m^[22m[39m[31m[1m^[22m[39m[31m[1m^[22m[39m[31m[1m^[22m[39m[31m[1m^[22m[39m[31m[1m^[22m[39m[31m[1m^[22m[39m[31m[1m^[22m[39m[31m[1m^[22m[39m[31m[1m^[22m[39m[31m[1m^[22m[39m[31m[1m^[22m[39m[31m[1m^[22m[39m[31m[1m^[22m[39m[31m[1m^[22m[39m[31m[1m^[22m[39m[31m[1m^[22m[39m[31m[1m^[22m[39m[31m[1m^[22m[39m[31m[1m^[22m[39m[31m[1m^[22m[39m[31m[1m^[22m[39m[31m[1m^[22m[39m[31m[1m^[22m[39m[31m[1m^[22m[39m
 [90m  9 |[39m
 [90m 10 |[39m type [33mFocusScreenProps[39m [33m=[39m { optionalMuscleFocus[33m:[39m [33mMuscleFocus[39m[][33m;[39m onToggleFocus[33m:[39m (focus[33m:[39m [33mMuscleFocus[39m) [33m=>[39m [36mvoid[39m }[33m;[39m
 [90m 11 |[39m[0m



Import traces:
  Client Component Browser:
    ./apps/web/src/features/onboarding/ui/screens/FocusDiscomfortScreen.tsx [Client Component Browser]
    ./apps/web/src/features/onboarding/ui/OnboardingFlow.tsx [Client Component Browser]
    ./apps/web/src/features/onboarding/ui/OnboardingRoute.tsx [Client Component Browser]
    ./apps/web/src/features/onboarding/ui/OnboardingRoute.tsx [Server Component]
    ./apps/web/app/onboarding/page.tsx [Server Component]

  Client Component SSR:
    ./apps/web/src/features/onboarding/ui/screens/FocusDiscomfortScreen.tsx [Client Component SSR]
    ./apps/web/src/features/onboarding/ui/OnboardingFlow.tsx [Client Component SSR]
    ./apps/web/src/features/onboarding/ui/OnboardingRoute.tsx [Client Component SSR]
    ./apps/web/src/features/onboarding/ui/OnboardingRoute.tsx [Server Component]
    ./apps/web/app/onboarding/page.tsx [Server Component]

https://nextjs.org/docs/messages/module-not-found


 ⨯ ./apps/web/src/features/onboarding/ui/screens/FocusDiscomfortScreen.tsx:8:1
Module not found: Can't resolve './FocusDiscomfortScreen.module.css'
[0m [90m  6 |[39m [36mimport[39m type { [33mCSSProperties[39m } [36mfrom[39m [32m"react"[39m[33m;[39m
 [90m  7 |[39m [36mimport[39m type { [33mDiscomfort[39m[33m,[39m [33mDiscomfortZone[39m[33m,[39m [33mMuscleFocus[39m } [36mfrom[39m [32m"../../presentation/types"[39m[33m;[39m
[31m[1m>[22m[39m[90m  8 |[39m [36mimport[39m styles [36mfrom[39m [32m"./FocusDiscomfortScreen.module.css"[39m[33m;[39m
 [90m    |[39m [31m[1m^[22m[39m[31m[1m^[22m[39m[31m[1m^[22m[39m[31m[1m^[22m[39m[31m[1m^[22m[39m[31m[1m^[22m[39m[31m[1m^[22m[39m[31m[1m^[22m[39m[31m[1m^[22m[39m[31m[1m^[22m[39m[31m[1m^[22m[39m[31m[1m^[22m[39m[31m[1m^[22m[39m[31m[1m^[22m[39m[31m[1m^[22m[39m[31m[1m^[22m[39m[31m[1m^[22m[39m[31m[1m^[22m[39m[31m[1m^[22m[39m[31m[1m^[22m[39m[31m[1m^[22m[39m[31m[1m^[22m[39m[31m[1m^[22m[39m[31m[1m^[22m[39m[31m[1m^[22m[39m[31m[1m^[22m[39m[31m[1m^[22m[39m[31m[1m^[22m[39m[31m[1m^[22m[39m[31m[1m^[22m[39m[31m[1m^[22m[39m[31m[1m^[22m[39m[31m[1m^[22m[39m[31m[1m^[22m[39m[31m[1m^[22m[39m[31m[1m^[22m[39m[31m[1m^[22m[39m[31m[1m^[22m[39m[31m[1m^[22m[39m[31m[1m^[22m[39m[31m[1m^[22m[39m[31m[1m^[22m[39m[31m[1m^[22m[39m[31m[1m^[22m[39m[31m[1m^[22m[39m[31m[1m^[22m[39m[31m[1m^[22m[39m[31m[1m^[22m[39m[31m[1m^[22m[39m[31m[1m^[22m[39m[31m[1m^[22m[39m[31m[1m^[22m[39m[31m[1m^[22m[39m[31m[1m^[22m[39m[31m[1m^[22m[39m[31m[1m^[22m[39m
 [90m  9 |[39m
 [90m 10 |[39m type [33mFocusScreenProps[39m [33m=[39m { optionalMuscleFocus[33m:[39m [33mMuscleFocus[39m[][33m;[39m onToggleFocus[33m:[39m (focus[33m:[39m [33mMuscleFocus[39m) [33m=>[39m [36mvoid[39m }[33m;[39m
 [90m 11 |[39m[0m



Import traces:
  Client Component Browser:
    ./apps/web/src/features/onboarding/ui/screens/FocusDiscomfortScreen.tsx [Client Component Browser]
    ./apps/web/src/features/onboarding/ui/OnboardingFlow.tsx [Client Component Browser]
    ./apps/web/src/features/onboarding/ui/OnboardingRoute.tsx [Client Component Browser]
    ./apps/web/src/features/onboarding/ui/OnboardingRoute.tsx [Server Component]
    ./apps/web/app/onboarding/page.tsx [Server Component]

  Client Component SSR:
    ./apps/web/src/features/onboarding/ui/screens/FocusDiscomfortScreen.tsx [Client Component SSR]
    ./apps/web/src/features/onboarding/ui/OnboardingFlow.tsx [Client Component SSR]
    ./apps/web/src/features/onboarding/ui/OnboardingRoute.tsx [Client Component SSR]
    ./apps/web/src/features/onboarding/ui/OnboardingRoute.tsx [Server Component]
    ./apps/web/app/onboarding/page.tsx [Server Component]

https://nextjs.org/docs/messages/module-not-found


 ⨯ ./apps/web/src/features/onboarding/ui/screens/FocusDiscomfortScreen.tsx:8:1
Module not found: Can't resolve './FocusDiscomfortScreen.module.css'
[0m [90m  6 |[39m [36mimport[39m type { [33mCSSProperties[39m } [36mfrom[39m [32m"react"[39m[33m;[39m
 [90m  7 |[39m [36mimport[39m type { [33mDiscomfort[39m[33m,[39m [33mDiscomfortZone[39m[33m,[39m [33mMuscleFocus[39m } [36mfrom[39m [32m"../../presentation/types"[39m[33m;[39m
[31m[1m>[22m[39m[90m  8 |[39m [36mimport[39m styles [36mfrom[39m [32m"./FocusDiscomfortScreen.module.css"[39m[33m;[39m
 [90m    |[39m [31m[1m^[22m[39m[31m[1m^[22m[39m[31m[1m^[22m[39m[31m[1m^[22m[39m[31m[1m^[22m[39m[31m[1m^[22m[39m[31m[1m^[22m[39m[31m[1m^[22m[39m[31m[1m^[22m[39m[31m[1m^[22m[39m[31m[1m^[22m[39m[31m[1m^[22m[39m[31m[1m^[22m[39m[31m[1m^[22m[39m[31m[1m^[22m[39m[31m[1m^[22m[39m[31m[1m^[22m[39m[31m[1m^[22m[39m[31m[1m^[22m[39m[31m[1m^[22m[39m[31m[1m^[22m[39m[31m[1m^[22m[39m[31m[1m^[22m[39m[31m[1m^[22m[39m[31m[1m^[22m[39m[31m[1m^[22m[39m[31m[1m^[22m[39m[31m[1m^[22m[39m[31m[1m^[22m[39m[31m[1m^[22m[39m[31m[1m^[22m[39m[31m[1m^[22m[39m[31m[1m^[22m[39m[31m[1m^[22m[39m[31m[1m^[22m[39m[31m[1m^[22m[39m[31m[1m^[22m[39m[31m[1m^[22m[39m[31m[1m^[22m[39m[31m[1m^[22m[39m[31m[1m^[22m[39m[31m[1m^[22m[39m[31m[1m^[22m[39m[31m[1m^[22m[39m[31m[1m^[22m[39m[31m[1m^[22m[39m[31m[1m^[22m[39m[31m[1m^[22m[39m[31m[1m^[22m[39m[31m[1m^[22m[39m[31m[1m^[22m[39m[31m[1m^[22m[39m[31m[1m^[22m[39m[31m[1m^[22m[39m[31m[1m^[22m[39m[31m[1m^[22m[39m
 [90m  9 |[39m
 [90m 10 |[39m type [33mFocusScreenProps[39m [33m=[39m { optionalMuscleFocus[33m:[39m [33mMuscleFocus[39m[][33m;[39m onToggleFocus[33m:[39m (focus[33m:[39m [33mMuscleFocus[39m) [33m=>[39m [36mvoid[39m }[33m;[39m
 [90m 11 |[39m[0m



Import traces:
  Client Component Browser:
    ./apps/web/src/features/onboarding/ui/screens/FocusDiscomfortScreen.tsx [Client Component Browser]
    ./apps/web/src/features/onboarding/ui/OnboardingFlow.tsx [Client Component Browser]
    ./apps/web/src/features/onboarding/ui/OnboardingRoute.tsx [Client Component Browser]
    ./apps/web/src/features/onboarding/ui/OnboardingRoute.tsx [Server Component]
    ./apps/web/app/onboarding/page.tsx [Server Component]

  Client Component SSR:
    ./apps/web/src/features/onboarding/ui/screens/FocusDiscomfortScreen.tsx [Client Component SSR]
    ./apps/web/src/features/onboarding/ui/OnboardingFlow.tsx [Client Component SSR]
    ./apps/web/src/features/onboarding/ui/OnboardingRoute.tsx [Client Component SSR]
    ./apps/web/src/features/onboarding/ui/OnboardingRoute.tsx [Server Component]
    ./apps/web/app/onboarding/page.tsx [Server Component]

https://nextjs.org/docs/messages/module-not-found


 ⨯ ./apps/web/src/features/onboarding/ui/screens/FocusDiscomfortScreen.tsx:8:1
Module not found: Can't resolve './FocusDiscomfortScreen.module.css'
[0m [90m  6 |[39m [36mimport[39m type { [33mCSSProperties[39m } [36mfrom[39m [32m"react"[39m[33m;[39m
 [90m  7 |[39m [36mimport[39m type { [33mDiscomfort[39m[33m,[39m [33mDiscomfortZone[39m[33m,[39m [33mMuscleFocus[39m } [36mfrom[39m [32m"../../presentation/types"[39m[33m;[39m
[31m[1m>[22m[39m[90m  8 |[39m [36mimport[39m styles [36mfrom[39m [32m"./FocusDiscomfortScreen.module.css"[39m[33m;[39m
 [90m    |[39m [31m[1m^[22m[39m[31m[1m^[22m[39m[31m[1m^[22m[39m[31m[1m^[22m[39m[31m[1m^[22m[39m[31m[1m^[22m[39m[31m[1m^[22m[39m[31m[1m^[22m[39m[31m[1m^[22m[39m[31m[1m^[22m[39m[31m[1m^[22m[39m[31m[1m^[22m[39m[31m[1m^[22m[39m[31m[1m^[22m[39m[31m[1m^[22m[39m[31m[1m^[22m[39m[31m[1m^[22m[39m[31m[1m^[22m[39m[31m[1m^[22m[39m[31m[1m^[22m[39m[31m[1m^[22m[39m[31m[1m^[22m[39m[31m[1m^[22m[39m[31m[1m^[22m[39m[31m[1m^[22m[39m[31m[1m^[22m[39m[31m[1m^[22m[39m[31m[1m^[22m[39m[31m[1m^[22m[39m[31m[1m^[22m[39m[31m[1m^[22m[39m[31m[1m^[22m[39m[31m[1m^[22m[39m[31m[1m^[22m[39m[31m[1m^[22m[39m[31m[1m^[22m[39m[31m[1m^[22m[39m[31m[1m^[22m[39m[31m[1m^[22m[39m[31m[1m^[22m[39m[31m[1m^[22m[39m[31m[1m^[22m[39m[31m[1m^[22m[39m[31m[1m^[22m[39m[31m[1m^[22m[39m[31m[1m^[22m[39m[31m[1m^[22m[39m[31m[1m^[22m[39m[31m[1m^[22m[39m[31m[1m^[22m[39m[31m[1m^[22m[39m[31m[1m^[22m[39m[31m[1m^[22m[39m[31m[1m^[22m[39m[31m[1m^[22m[39m[31m[1m^[22m[39m
 [90m  9 |[39m
 [90m 10 |[39m type [33mFocusScreenProps[39m [33m=[39m { optionalMuscleFocus[33m:[39m [33mMuscleFocus[39m[][33m;[39m onToggleFocus[33m:[39m (focus[33m:[39m [33mMuscleFocus[39m) [33m=>[39m [36mvoid[39m }[33m;[39m
 [90m 11 |[39m[0m



Import traces:
  Client Component Browser:
    ./apps/web/src/features/onboarding/ui/screens/FocusDiscomfortScreen.tsx [Client Component Browser]
    ./apps/web/src/features/onboarding/ui/OnboardingFlow.tsx [Client Component Browser]
    ./apps/web/src/features/onboarding/ui/OnboardingRoute.tsx [Client Component Browser]
    ./apps/web/src/features/onboarding/ui/OnboardingRoute.tsx [Server Component]
    ./apps/web/app/onboarding/page.tsx [Server Component]

  Client Component SSR:
    ./apps/web/src/features/onboarding/ui/screens/FocusDiscomfortScreen.tsx [Client Component SSR]
    ./apps/web/src/features/onboarding/ui/OnboardingFlow.tsx [Client Component SSR]
    ./apps/web/src/features/onboarding/ui/OnboardingRoute.tsx [Client Component SSR]
    ./apps/web/src/features/onboarding/ui/OnboardingRoute.tsx [Server Component]
    ./apps/web/app/onboarding/page.tsx [Server Component]

https://nextjs.org/docs/messages/module-not-found


 ✓ Compiled in 105ms
 ✓ Compiled in 81ms
 ✓ Compiled /onboarding in 50ms
 GET /onboarding 200 in 242ms
 GET /onboarding 200 in 176ms
 GET /api/v1/onboarding/draft 200 in 294ms
 PUT /api/v1/onboarding/draft 200 in 286ms
 PUT /api/v1/onboarding/draft 200 in 282ms
 PUT /api/v1/onboarding/draft 200 in 283ms
 PUT /api/v1/onboarding/draft 200 in 269ms
 PUT /api/v1/onboarding/draft 200 in 281ms
 PUT /api/v1/onboarding/draft 200 in 283ms
 ✓ Compiled in 23ms
 ✓ Compiled in 25ms
